gs://cimb-demo-222703-vcm/formData/formDataTraining/Alvin/img14_1.jpg,"ALVIN,JJAN,JSA"
gs://cimb-demo-222703-vcm/formData/formDataTraining/Alvin/img14_2.jpg,TAN
gs://cimb-demo-222703-vcm/formData/formDataTraining/Alvin/img14_3.jpg,"SEPTWARE,ENGINEERING"
gs://cimb-demo-222703-vcm/formData/formDataTraining/Alvin/img14_5.jpg,"-,218"
gs://cimb-demo-222703-vcm/formData/formDataTraining/Alvin/img14_6.jpg,"ADVANCE,ALGORITHM,AND,DATA,STRUCTURE"
gs://cimb-demo-222703-vcm/formData/formDataTraining/Alvin/img14_7.jpg,"Student,is,able,to,copes"
gs://cimb-demo-222703-vcm/formData/formDataTraining/Alvin/img14_8.jpg,"student,twee,a,ose,was,smaller,wit,,"
gs://cimb-demo-222703-vcm/formData/formDataTraining/Alvin/img14_9.jpg,"Student,understands,algarthing,.,."
gs://cimb-demo-222703-vcm/formData/formDataTraining/Alvin/img14_11.jpg,"i,Student,understands,codna"
gs://cimb-demo-222703-vcm/formData/formDataTraining/Alvin/img14_12.jpg,"i,Student,understands,codna"
gs://cimb-demo-222703-vcm/formData/formDataTraining/Alvin/img14_13.jpg,"I,JAN,LIM,WERN,HAN"
gs://cimb-demo-222703-vcm/formData/formDataTraining/Alvin/img14_14.jpg,"TAN,CIM,WBRN,HAN"
gs://cimb-demo-222703-vcm/formData/formDataTraining/Alvin/img14_15.jpg,"24,/,11,/,2018"
gs://cimb-demo-222703-vcm/formData/formDataTraining/Alvin/img14_16.jpg,"2741,/,2018"
gs://cimb-demo-222703-vcm/formData/formDataTraining/Alvin/img16_1.jpg,"ALVIN,JIAN,JIA"
gs://cimb-demo-222703-vcm/formData/formDataTraining/Alvin/img16_2.jpg,TAN
gs://cimb-demo-222703-vcm/formData/formDataTraining/Alvin/img16_3.jpg,"SOFTWARE,ENGINEERING"
gs://cimb-demo-222703-vcm/formData/formDataTraining/Alvin/img16_4.jpg,"FIT,3145"
gs://cimb-demo-222703-vcm/formData/formDataTraining/Alvin/img16_5.jpg,2018
gs://cimb-demo-222703-vcm/formData/formDataTraining/Alvin/img16_6.jpg,"ADVANCE,ALGORZTHM,S,DATA,StrucLURE"
gs://cimb-demo-222703-vcm/formData/formDataTraining/Alvin/img16_7.jpg,"ado,4290,Si,toplus"
gs://cimb-demo-222703-vcm/formData/formDataTraining/Alvin/img16_8.jpg,"student,has,taken,a,previous,similar,wit,."
gs://cimb-demo-222703-vcm/formData/formDataTraining/Alvin/img16_9.jpg,"Student,understands,algorithms"
gs://cimb-demo-222703-vcm/formData/formDataTraining/Alvin/img16_10.jpg,"student,understands,data,structures"
gs://cimb-demo-222703-vcm/formData/formDataTraining/Alvin/img16_11.jpg,"Bupas,spronssopm,topris"
gs://cimb-demo-222703-vcm/formData/formDataTraining/Alvin/img16_12.jpg,"Bupas,spronssopm,topris"
gs://cimb-demo-222703-vcm/formData/formDataTraining/Alvin/img16_13.jpg,"IAN,LIM,WERN,HAN"
gs://cimb-demo-222703-vcm/formData/formDataTraining/Alvin/img16_14.jpg,"IAN,LIM,WERN,HAN"
gs://cimb-demo-222703-vcm/formData/formDataTraining/Alvin/img18_1.jpg,"ALVIN,JIAN,JJA"
gs://cimb-demo-222703-vcm/formData/formDataTraining/Alvin/img18_2.jpg,".,JAN"
gs://cimb-demo-222703-vcm/formData/formDataTraining/Alvin/img18_3.jpg,"SOFTWARE,ENGINEERING"
gs://cimb-demo-222703-vcm/formData/formDataTraining/Alvin/img18_6.jpg,"ADVANCE,.,ALGORITHM,AND,BATH,STRUCTURE"
gs://cimb-demo-222703-vcm/formData/formDataTraining/Alvin/img18_7.jpg,"Student,is,able,to,cape,."
gs://cimb-demo-222703-vcm/formData/formDataTraining/Alvin/img18_8.jpg,"Student,took,a,previous,similar,unit,."
gs://cimb-demo-222703-vcm/formData/formDataTraining/Alvin/img18_9.jpg,"Student,understavide,,,algorithms,-"
gs://cimb-demo-222703-vcm/formData/formDataTraining/Alvin/img18_10.jpg,"student,understands,data,,,structures,."
gs://cimb-demo-222703-vcm/formData/formDataTraining/Alvin/img18_11.jpg,"Student,understands,coding"
gs://cimb-demo-222703-vcm/formData/formDataTraining/Alvin/img18_12.jpg,"Student,understands,coding"
gs://cimb-demo-222703-vcm/formData/formDataTraining/Alvin/img18_13.jpg,"IAN,LAM,WERN,HAN"
gs://cimb-demo-222703-vcm/formData/formDataTraining/Alvin/img18_14.jpg,"I,ION,LIM,WERN,HAN"
gs://cimb-demo-222703-vcm/formData/formDataTraining/Alvin/img18_15.jpg,"24,/,11,/,2018"
gs://cimb-demo-222703-vcm/formData/formDataTraining/Alvin/img18_16.jpg,"24,/,11,/,2018"
gs://cimb-demo-222703-vcm/formData/formDataTraining/Alvin/img20_1.jpg,"ALVIN,JEAN,JJA"
gs://cimb-demo-222703-vcm/formData/formDataTraining/Alvin/img20_2.jpg,":,JAN"
gs://cimb-demo-222703-vcm/formData/formDataTraining/Alvin/img20_3.jpg,"SOFTWARE,ENTEINEERING"
gs://cimb-demo-222703-vcm/formData/formDataTraining/Alvin/img20_4.jpg,PAS
gs://cimb-demo-222703-vcm/formData/formDataTraining/Alvin/img20_5.jpg,Mac
gs://cimb-demo-222703-vcm/formData/formDataTraining/Alvin/img20_6.jpg,"ADVANCE,ALGORITHM,AND,DATA,STRUCTURE"
gs://cimb-demo-222703-vcm/formData/formDataTraining/Alvin/img20_7.jpg,"student,B,able,to,cape,."
gs://cimb-demo-222703-vcm/formData/formDataTraining/Alvin/img20_8.jpg,"student,took,a,prevo,',s,Smilar,unit,."
gs://cimb-demo-222703-vcm/formData/formDataTraining/Alvin/img20_9.jpg,"studert,understands,algarthins,."
gs://cimb-demo-222703-vcm/formData/formDataTraining/Alvin/img20_10.jpg,"I,steldent,understands,dejto,strelives,."
gs://cimb-demo-222703-vcm/formData/formDataTraining/Alvin/img20_11.jpg,"studert,understands,codina,."
gs://cimb-demo-222703-vcm/formData/formDataTraining/Alvin/img20_12.jpg,"studert,understands,codina,."
gs://cimb-demo-222703-vcm/formData/formDataTraining/Alvin/img20_13.jpg,"|,IAN,LIM,WERN,HAN,."
gs://cimb-demo-222703-vcm/formData/formDataTraining/Alvin/img20_14.jpg,"ZAN,LIM,WERN,HAN,."
gs://cimb-demo-222703-vcm/formData/formDataTraining/Alvin/img20_15.jpg,"2741,2018"
gs://cimb-demo-222703-vcm/formData/formDataTraining/Alvin/img20_16.jpg,"27,/,01,/,2018"
gs://cimb-demo-222703-vcm/formData/formDataTraining/Alvin/img22_1.jpg,"ALIN,JAN,JJA"
gs://cimb-demo-222703-vcm/formData/formDataTraining/Alvin/img22_2.jpg,"-,TAN"
gs://cimb-demo-222703-vcm/formData/formDataTraining/Alvin/img22_3.jpg,"SOFTWARE,ENGIN,BERING"
gs://cimb-demo-222703-vcm/formData/formDataTraining/Alvin/img22_5.jpg,2018
gs://cimb-demo-222703-vcm/formData/formDataTraining/Alvin/img22_6.jpg,"ADVANCE,ALGORITHM,AND,DATA,STRUCTURE"
gs://cimb-demo-222703-vcm/formData/formDataTraining/Alvin/img22_7.jpg,"Student,is,able,to,care"
gs://cimb-demo-222703-vcm/formData/formDataTraining/Alvin/img22_8.jpg,"Student,took,a,overtor,',s,similar,writes"
gs://cimb-demo-222703-vcm/formData/formDataTraining/Alvin/img22_9.jpg,"student,understands,algorithms,."
gs://cimb-demo-222703-vcm/formData/formDataTraining/Alvin/img22_11.jpg,"Studert,understands,codina"
gs://cimb-demo-222703-vcm/formData/formDataTraining/Alvin/img22_12.jpg,"Studert,understands,codina"
gs://cimb-demo-222703-vcm/formData/formDataTraining/Alvin/img22_13.jpg,"I,JAN,LIM,WERN,HAN"
gs://cimb-demo-222703-vcm/formData/formDataTraining/Alvin/img22_14.jpg,"TAN,LIM,WERN,HON"
gs://cimb-demo-222703-vcm/formData/formDataTraining/Alvin/img24_1.jpg,"ALVIN,JIAN,JA"
gs://cimb-demo-222703-vcm/formData/formDataTraining/Alvin/img24_2.jpg,":,TAN"
gs://cimb-demo-222703-vcm/formData/formDataTraining/Alvin/img24_3.jpg,"SopTWARE,ENGINEERING"
gs://cimb-demo-222703-vcm/formData/formDataTraining/Alvin/img24_4.jpg,PIT3145
gs://cimb-demo-222703-vcm/formData/formDataTraining/Alvin/img24_5.jpg,28
gs://cimb-demo-222703-vcm/formData/formDataTraining/Alvin/img24_6.jpg,"ADVANCE,ALGORITHM,AND,DATA,STRUCTURE"
gs://cimb-demo-222703-vcm/formData/formDataTraining/Alvin/img24_7.jpg,"|,Student,B,able,to,cope,."
gs://cimb-demo-222703-vcm/formData/formDataTraining/Alvin/img24_8.jpg,"I,student,took,a,previous,similar,wit,."
gs://cimb-demo-222703-vcm/formData/formDataTraining/Alvin/img24_9.jpg,"|,Student,understands,algarthms,:"
gs://cimb-demo-222703-vcm/formData/formDataTraining/Alvin/img24_10.jpg,"I,studert,understands,date,structures,,"
gs://cimb-demo-222703-vcm/formData/formDataTraining/Alvin/img24_11.jpg,"|,Student,understands,coding,."
gs://cimb-demo-222703-vcm/formData/formDataTraining/Alvin/img24_12.jpg,"|,Student,understands,coding,."
gs://cimb-demo-222703-vcm/formData/formDataTraining/Alvin/img24_13.jpg,"|,JAN,LIM,WERN,HAN,."
gs://cimb-demo-222703-vcm/formData/formDataTraining/Alvin/img24_14.jpg,"IAN,LIM,WERN,HAN,."
gs://cimb-demo-222703-vcm/formData/formDataTraining/Alvin/img24_15.jpg,"2,/,u,/,on"
gs://cimb-demo-222703-vcm/formData/formDataTraining/Alvin/img26_0.jpg,"218,/,21619,181317"
gs://cimb-demo-222703-vcm/formData/formDataTraining/Alvin/img26_1.jpg,"ALVIN,JAN,JA"
gs://cimb-demo-222703-vcm/formData/formDataTraining/Alvin/img26_2.jpg,
gs://cimb-demo-222703-vcm/formData/formDataTraining/Alvin/img26_3.jpg,"SOFTWARE,ENGINEERING"
gs://cimb-demo-222703-vcm/formData/formDataTraining/Alvin/img26_4.jpg,BEB145
gs://cimb-demo-222703-vcm/formData/formDataTraining/Alvin/img26_5.jpg,8102
gs://cimb-demo-222703-vcm/formData/formDataTraining/Alvin/img26_6.jpg,"ADVANCE,ALGORITHM,AND,BATA,STRUCTURE"
gs://cimb-demo-222703-vcm/formData/formDataTraining/Alvin/img26_7.jpg,"Student,is,able,to,cace,."
gs://cimb-demo-222703-vcm/formData/formDataTraining/Alvin/img26_8.jpg,"student,took,a,previous,similar,unit"
gs://cimb-demo-222703-vcm/formData/formDataTraining/Alvin/img26_9.jpg,"Student,understands,algorithms,:"
gs://cimb-demo-222703-vcm/formData/formDataTraining/Alvin/img26_10.jpg,"Student,understands,data,structures"
gs://cimb-demo-222703-vcm/formData/formDataTraining/Alvin/img26_11.jpg,"student,understands,coding,."
gs://cimb-demo-222703-vcm/formData/formDataTraining/Alvin/img26_12.jpg,"student,understands,coding,."
gs://cimb-demo-222703-vcm/formData/formDataTraining/Alvin/img26_13.jpg,"SAN,LIM,WERN,HAN"
gs://cimb-demo-222703-vcm/formData/formDataTraining/Alvin/img26_14.jpg,"IIAN,LSM,WERN,HAN"
gs://cimb-demo-222703-vcm/formData/formDataTraining/Alvin/img26_15.jpg,"27,/,11,/,2018"
gs://cimb-demo-222703-vcm/formData/formDataTraining/Alvin/img28_0.jpg,3
gs://cimb-demo-222703-vcm/formData/formDataTraining/Alvin/img28_1.jpg,"ALVIN,JAN,JSA"
gs://cimb-demo-222703-vcm/formData/formDataTraining/Alvin/img28_2.jpg,":,TAN"
gs://cimb-demo-222703-vcm/formData/formDataTraining/Alvin/img28_3.jpg,"SOFTWARE,ENGINEERING"
gs://cimb-demo-222703-vcm/formData/formDataTraining/Alvin/img28_5.jpg,"-,2018"
gs://cimb-demo-222703-vcm/formData/formDataTraining/Alvin/img28_6.jpg,"-,ADVANCE,ALGORITHM,AND,DATA,STRUCTURE"
gs://cimb-demo-222703-vcm/formData/formDataTraining/Alvin/img28_7.jpg,"Oudent,is,able,to,cope,."
gs://cimb-demo-222703-vcm/formData/formDataTraining/Alvin/img28_8.jpg,"I,student,took,a,brevious,similar,uirt,,"
gs://cimb-demo-222703-vcm/formData/formDataTraining/Alvin/img28_9.jpg,"Student,understands,alagsthing,."
gs://cimb-demo-222703-vcm/formData/formDataTraining/Alvin/img28_10.jpg,"Student,understands,data,structures,."
gs://cimb-demo-222703-vcm/formData/formDataTraining/Alvin/img28_11.jpg,"Student,understands,codna,."
gs://cimb-demo-222703-vcm/formData/formDataTraining/Alvin/img28_12.jpg,"Student,understands,codna,."
gs://cimb-demo-222703-vcm/formData/formDataTraining/Alvin/img28_13.jpg,"ISAN,LIM,WERN,HAN"
gs://cimb-demo-222703-vcm/formData/formDataTraining/Alvin/img28_14.jpg,"IIAN,LIM,WERN,HAN"
gs://cimb-demo-222703-vcm/formData/formDataTraining/Alvin/img28_15.jpg,"2,\,/,\,/,2018"
gs://cimb-demo-222703-vcm/formData/formDataTraining/Alvin/img28_16.jpg,"27,/,11,/,2018"
gs://cimb-demo-222703-vcm/formData/formDataTraining/Alvin/img30_1.jpg,"ALVIN,JEAN,JIA"
gs://cimb-demo-222703-vcm/formData/formDataTraining/Alvin/img30_2.jpg,":,TAN"
gs://cimb-demo-222703-vcm/formData/formDataTraining/Alvin/img30_3.jpg,"SOFTWARE,ENGINEERING"
gs://cimb-demo-222703-vcm/formData/formDataTraining/Alvin/img30_4.jpg,F43145
gs://cimb-demo-222703-vcm/formData/formDataTraining/Alvin/img30_5.jpg,
gs://cimb-demo-222703-vcm/formData/formDataTraining/Alvin/img30_6.jpg,"ADVANCE,ALGORITHM,AND,DATA,STRUCTURE"
gs://cimb-demo-222703-vcm/formData/formDataTraining/Alvin/img30_7.jpg,"Student,is,able,to,cope,."
gs://cimb-demo-222703-vcm/formData/formDataTraining/Alvin/img30_8.jpg,"|,Student,took,a,previous,similar,unit,."
gs://cimb-demo-222703-vcm/formData/formDataTraining/Alvin/img30_9.jpg,"Student,understands,meer,algorithms,."
gs://cimb-demo-222703-vcm/formData/formDataTraining/Alvin/img30_10.jpg,"I,stedet,understands,data,structives,."
gs://cimb-demo-222703-vcm/formData/formDataTraining/Alvin/img30_11.jpg,"I,student,understands,coding,."
gs://cimb-demo-222703-vcm/formData/formDataTraining/Alvin/img30_12.jpg,"I,student,understands,coding,."
gs://cimb-demo-222703-vcm/formData/formDataTraining/Alvin/img30_13.jpg,"IIAN,LIM,WERN,HAN,."
gs://cimb-demo-222703-vcm/formData/formDataTraining/Alvin/img30_14.jpg,"JAN,LZM,WERN,HAN"
gs://cimb-demo-222703-vcm/formData/formDataTraining/Alvin/img30_15.jpg,"8102,/,11,/,tc"
gs://cimb-demo-222703-vcm/formData/formDataTraining/Alvin/img30_16.jpg,"27,/,11,/,2018"
gs://cimb-demo-222703-vcm/formData/formDataTraining/Alvin/img32_1.jpg,"ALVIN,JJAN,JJA"
gs://cimb-demo-222703-vcm/formData/formDataTraining/Alvin/img32_2.jpg,":,TAN"
gs://cimb-demo-222703-vcm/formData/formDataTraining/Alvin/img32_3.jpg,"SOFTWARE,ENGINEERING"
gs://cimb-demo-222703-vcm/formData/formDataTraining/Alvin/img32_4.jpg,PLE
gs://cimb-demo-222703-vcm/formData/formDataTraining/Alvin/img32_5.jpg,"=,258"
gs://cimb-demo-222703-vcm/formData/formDataTraining/Alvin/img32_6.jpg,".,ADVANCE,ALGORITHM,AND,NOTA,GRUCTURE"
gs://cimb-demo-222703-vcm/formData/formDataTraining/Alvin/img32_7.jpg,"Student,is,able,to,cope,."
gs://cimb-demo-222703-vcm/formData/formDataTraining/Alvin/img32_8.jpg,"Student,took,a,serious,Similar,unit,."
gs://cimb-demo-222703-vcm/formData/formDataTraining/Alvin/img32_9.jpg,"Student,understands,algorithms,."
gs://cimb-demo-222703-vcm/formData/formDataTraining/Alvin/img32_10.jpg,"Student,understands,data,strewes,,"
gs://cimb-demo-222703-vcm/formData/formDataTraining/Alvin/img32_11.jpg,"Stendent,understande,codina,."
gs://cimb-demo-222703-vcm/formData/formDataTraining/Alvin/img32_12.jpg,"Stendent,understande,codina,."
gs://cimb-demo-222703-vcm/formData/formDataTraining/Alvin/img32_13.jpg,"PAN,LIM,WERN,HAN"
gs://cimb-demo-222703-vcm/formData/formDataTraining/Alvin/img32_14.jpg,"PAN,LIM,WERN,HAN"
gs://cimb-demo-222703-vcm/formData/formDataTraining/Alvin/img32_15.jpg,"1,/,2018"
gs://cimb-demo-222703-vcm/formData/formDataTraining/Alvin/img32_16.jpg,"7tt,/,2018"
gs://cimb-demo-222703-vcm/formData/formDataTraining/Alvin/img34_1.jpg,"ALVIN,JIAN,JIA"
gs://cimb-demo-222703-vcm/formData/formDataTraining/Alvin/img34_2.jpg,":,TAN"
gs://cimb-demo-222703-vcm/formData/formDataTraining/Alvin/img34_3.jpg,"SOFTWARE,ENGINEERING"
gs://cimb-demo-222703-vcm/formData/formDataTraining/Alvin/img34_4.jpg,245
gs://cimb-demo-222703-vcm/formData/formDataTraining/Alvin/img34_6.jpg,"ADVANCE,ALGORITHM,AND,DATA,STRUCTURE"
gs://cimb-demo-222703-vcm/formData/formDataTraining/Alvin/img34_7.jpg,"Student,is,able,to,cope,."
gs://cimb-demo-222703-vcm/formData/formDataTraining/Alvin/img34_8.jpg,"Student,took,a,previous,similar,unit,."
gs://cimb-demo-222703-vcm/formData/formDataTraining/Alvin/img34_9.jpg,"Student,understands,algarthms"
gs://cimb-demo-222703-vcm/formData/formDataTraining/Alvin/img34_10.jpg,"Student,widerstands,data,sthlews,."
gs://cimb-demo-222703-vcm/formData/formDataTraining/Alvin/img34_11.jpg,"Student,understands,codima,."
gs://cimb-demo-222703-vcm/formData/formDataTraining/Alvin/img34_12.jpg,"Student,understands,codima,."
gs://cimb-demo-222703-vcm/formData/formDataTraining/Alvin/img34_13.jpg,"JAN,LIM,WERN,HAN"
gs://cimb-demo-222703-vcm/formData/formDataTraining/Alvin/img34_14.jpg,"JAN,LIM,WERN,HAN"
gs://cimb-demo-222703-vcm/formData/formDataTraining/Alvin/img34_15.jpg,"|,2428"
gs://cimb-demo-222703-vcm/formData/formDataTraining/Alvin/img34_16.jpg,"27,/,11,/,2018"
gs://cimb-demo-222703-vcm/formData/formDataTraining/Alvin/img36_0.jpg,"8,1,s,+"
gs://cimb-demo-222703-vcm/formData/formDataTraining/Alvin/img36_1.jpg,"ALIN,JIAN,JJA"
gs://cimb-demo-222703-vcm/formData/formDataTraining/Alvin/img36_2.jpg,".,.,TAN"
gs://cimb-demo-222703-vcm/formData/formDataTraining/Alvin/img36_3.jpg,"SOFTWARE,ENGINEERING"
gs://cimb-demo-222703-vcm/formData/formDataTraining/Alvin/img36_4.jpg,
gs://cimb-demo-222703-vcm/formData/formDataTraining/Alvin/img36_6.jpg,"ADVANCE,ALGORITHM,AND,DATA,STRUCTURE"
gs://cimb-demo-222703-vcm/formData/formDataTraining/Alvin/img36_7.jpg,"Student,B,able,to,cope,."
gs://cimb-demo-222703-vcm/formData/formDataTraining/Alvin/img36_8.jpg,"Student,tools,a,prewors,similar,ust,."
gs://cimb-demo-222703-vcm/formData/formDataTraining/Alvin/img36_9.jpg,"Sludert,understands,algorithms"
gs://cimb-demo-222703-vcm/formData/formDataTraining/Alvin/img36_10.jpg,"student,understands,Jeta,Stretues,."
gs://cimb-demo-222703-vcm/formData/formDataTraining/Alvin/img36_11.jpg,"Student,understands,coding,:"
gs://cimb-demo-222703-vcm/formData/formDataTraining/Alvin/img36_12.jpg,"Student,understands,coding,:"
gs://cimb-demo-222703-vcm/formData/formDataTraining/Alvin/img36_13.jpg,"TAN,LIM,WERN,HAN"
gs://cimb-demo-222703-vcm/formData/formDataTraining/Alvin/img36_14.jpg,"SAN,CIM,WERN,HAN"
gs://cimb-demo-222703-vcm/formData/formDataTraining/Alvin/img36_15.jpg,"34,/,4,/,2018"
gs://cimb-demo-222703-vcm/formData/formDataTraining/Alvin/img36_16.jpg,"|,27,/,11,12018"
gs://cimb-demo-222703-vcm/formData/formDataTraining/Blank/img6_0.jpg,
gs://cimb-demo-222703-vcm/formData/formDataTraining/Blank/img6_1.jpg,
gs://cimb-demo-222703-vcm/formData/formDataTraining/Blank/img6_2.jpg,
gs://cimb-demo-222703-vcm/formData/formDataTraining/Blank/img6_3.jpg,
gs://cimb-demo-222703-vcm/formData/formDataTraining/Blank/img6_4.jpg,
gs://cimb-demo-222703-vcm/formData/formDataTraining/Blank/img6_5.jpg,
gs://cimb-demo-222703-vcm/formData/formDataTraining/Blank/img6_6.jpg,
gs://cimb-demo-222703-vcm/formData/formDataTraining/Blank/img6_7.jpg,
gs://cimb-demo-222703-vcm/formData/formDataTraining/Blank/img6_8.jpg,
gs://cimb-demo-222703-vcm/formData/formDataTraining/Blank/img6_9.jpg,
gs://cimb-demo-222703-vcm/formData/formDataTraining/Blank/img6_10.jpg,
gs://cimb-demo-222703-vcm/formData/formDataTraining/Blank/img6_11.jpg,
gs://cimb-demo-222703-vcm/formData/formDataTraining/Blank/img6_12.jpg,
gs://cimb-demo-222703-vcm/formData/formDataTraining/Blank/img6_13.jpg,
gs://cimb-demo-222703-vcm/formData/formDataTraining/Blank/img6_14.jpg,
gs://cimb-demo-222703-vcm/formData/formDataTraining/Blank/img6_15.jpg,
gs://cimb-demo-222703-vcm/formData/formDataTraining/Blank/img6_16.jpg,
gs://cimb-demo-222703-vcm/formData/formDataTraining/Chailam/img14_1.jpg,TAN
gs://cimb-demo-222703-vcm/formData/formDataTraining/Chailam/img14_2.jpg,"AUTOTT,ALLTIA"
gs://cimb-demo-222703-vcm/formData/formDataTraining/Chailam/img14_3.jpg,"SOFTWARE,ENGINEERING,HONOURS"
gs://cimb-demo-222703-vcm/formData/formDataTraining/Chailam/img14_4.jpg,FITBISS
gs://cimb-demo-222703-vcm/formData/formDataTraining/Chailam/img14_5.jpg,"30,/"
gs://cimb-demo-222703-vcm/formData/formDataTraining/Chailam/img14_6.jpg,"AQANCED,DATA,STRUCTURE,NA,GORITHMS"
gs://cimb-demo-222703-vcm/formData/formDataTraining/Chailam/img14_7.jpg,"This,student,is,able,to,handle,advanced,data,structures,and"
gs://cimb-demo-222703-vcm/formData/formDataTraining/Chailam/img14_8.jpg,"IAN,LIM,VERH,HAN"
gs://cimb-demo-222703-vcm/formData/formDataTraining/Chailam/img14_9.jpg,"LAH,LIM,VÉKH,HAN"
gs://cimb-demo-222703-vcm/formData/formDataTraining/Chailam/img14_10.jpg,"VIVO,AP"
gs://cimb-demo-222703-vcm/formData/formDataTraining/Chailam/img14_11.jpg,"Date,29,/,12,/,2017"
gs://cimb-demo-222703-vcm/formData/formDataTraining/Chailam/img16_1.jpg,
gs://cimb-demo-222703-vcm/formData/formDataTraining/Chailam/img16_2.jpg,"-,ALV,JEAN,JA"
gs://cimb-demo-222703-vcm/formData/formDataTraining/Chailam/img16_3.jpg,"SOFTWARE,EHGINEERING,HONOURS"
gs://cimb-demo-222703-vcm/formData/formDataTraining/Chailam/img16_5.jpg,2018
gs://cimb-demo-222703-vcm/formData/formDataTraining/Chailam/img16_6.jpg,"ADVANCED,DATA,STRUCTURE,ALGORITHMS"
gs://cimb-demo-222703-vcm/formData/formDataTraining/Chailam/img16_7.jpg,"This,retis,able,to,handle,denned,la,structures,and"
gs://cimb-demo-222703-vcm/formData/formDataTraining/Chailam/img16_8.jpg,"TAN,LIM,WERN,HAN"
gs://cimb-demo-222703-vcm/formData/formDataTraining/Chailam/img16_9.jpg,"JAN,Z,WERN,HAY"
gs://cimb-demo-222703-vcm/formData/formDataTraining/Chailam/img16_11.jpg,"30,/,12,/,2018"
gs://cimb-demo-222703-vcm/formData/formDataTraining/Chailam/img18_0.jpg,"2,x,2,169639"
gs://cimb-demo-222703-vcm/formData/formDataTraining/Chailam/img18_1.jpg,TAN
gs://cimb-demo-222703-vcm/formData/formDataTraining/Chailam/img18_2.jpg,"-,ALAN,DAN,TIA"
gs://cimb-demo-222703-vcm/formData/formDataTraining/Chailam/img18_3.jpg,"SOFTWARE,ENGINEERING,HONOURS"
gs://cimb-demo-222703-vcm/formData/formDataTraining/Chailam/img18_4.jpg,FIT3155
gs://cimb-demo-222703-vcm/formData/formDataTraining/Chailam/img18_5.jpg,"8,/,OC"
gs://cimb-demo-222703-vcm/formData/formDataTraining/Chailam/img18_6.jpg,"ADVANCED,DATA,STRUCTURE,OS,ALGORITHMS"
gs://cimb-demo-222703-vcm/formData/formDataTraining/Chailam/img18_7.jpg,"This,student,is,able,to,handle,advanced,data,structures,and,I"
gs://cimb-demo-222703-vcm/formData/formDataTraining/Chailam/img18_8.jpg,"IAN,LIM,WEKIN,HANI"
gs://cimb-demo-222703-vcm/formData/formDataTraining/Chailam/img18_9.jpg,"JAN,LIM,WERH,HAN"
gs://cimb-demo-222703-vcm/formData/formDataTraining/Chailam/img18_10.jpg,"Bloc,de"
gs://cimb-demo-222703-vcm/formData/formDataTraining/Chailam/img18_11.jpg,"20,/,1,/,2018"
gs://cimb-demo-222703-vcm/formData/formDataTraining/Chailam/img20_1.jpg,TAN
gs://cimb-demo-222703-vcm/formData/formDataTraining/Chailam/img20_2.jpg,"-,AWIN,JIANTA"
gs://cimb-demo-222703-vcm/formData/formDataTraining/Chailam/img20_3.jpg,"SOFTWARE,ENGINTERING,HONOURS"
gs://cimb-demo-222703-vcm/formData/formDataTraining/Chailam/img20_4.jpg,"FIT,3155"
gs://cimb-demo-222703-vcm/formData/formDataTraining/Chailam/img20_5.jpg,lloc
gs://cimb-demo-222703-vcm/formData/formDataTraining/Chailam/img20_6.jpg,"ADVANCED,DATA,STRUCTURE,A,ALGORITHMS,."
gs://cimb-demo-222703-vcm/formData/formDataTraining/Chailam/img20_7.jpg,"This,student,is,able,to,handle,odvarred,data,structures,and"
gs://cimb-demo-222703-vcm/formData/formDataTraining/Chailam/img20_8.jpg,"JAN,LIM,WARM,HAN"
gs://cimb-demo-222703-vcm/formData/formDataTraining/Chailam/img20_9.jpg,"SAN,LEM,WEBA,HAN"
gs://cimb-demo-222703-vcm/formData/formDataTraining/Chailam/img20_10.jpg,"2012,-,018"
gs://cimb-demo-222703-vcm/formData/formDataTraining/Chailam/img22_0.jpg,"2,26,|,|,s,|,3,|,1"
gs://cimb-demo-222703-vcm/formData/formDataTraining/Chailam/img22_1.jpg,TAN
gs://cimb-demo-222703-vcm/formData/formDataTraining/Chailam/img22_2.jpg,"ALVIN,JIAN,TIA"
gs://cimb-demo-222703-vcm/formData/formDataTraining/Chailam/img22_3.jpg,"SOFLARE,ENGINEERING,HOLOURS"
gs://cimb-demo-222703-vcm/formData/formDataTraining/Chailam/img22_4.jpg,FITB5S
gs://cimb-demo-222703-vcm/formData/formDataTraining/Chailam/img22_6.jpg,"ADVANCED,DATA,STRICIUBE,X,ALGOBE,TIMS"
gs://cimb-demo-222703-vcm/formData/formDataTraining/Chailam/img22_7.jpg,"This,student,is,able,to,handle,advanced,data,structures,and"
gs://cimb-demo-222703-vcm/formData/formDataTraining/Chailam/img22_8.jpg,"ZAH,LIM,WERNI,HAN"
gs://cimb-demo-222703-vcm/formData/formDataTraining/Chailam/img22_9.jpg,"IAN,IM,VERH,Han"
gs://cimb-demo-222703-vcm/formData/formDataTraining/Chailam/img22_10.jpg,"2017,/,2018"
gs://cimb-demo-222703-vcm/formData/formDataTraining/Chailam/img22_11.jpg,"2010,2208"
gs://cimb-demo-222703-vcm/formData/formDataTraining/Chailam/img24_1.jpg,TANI
gs://cimb-demo-222703-vcm/formData/formDataTraining/Chailam/img24_2.jpg,".,ALVIN,JIAN,TIA"
gs://cimb-demo-222703-vcm/formData/formDataTraining/Chailam/img24_3.jpg,"SOFTWARE,ENGZN,EERING,.,HONOURS"
gs://cimb-demo-222703-vcm/formData/formDataTraining/Chailam/img24_4.jpg,FLT3155
gs://cimb-demo-222703-vcm/formData/formDataTraining/Chailam/img24_5.jpg,8100
gs://cimb-demo-222703-vcm/formData/formDataTraining/Chailam/img24_6.jpg,"ADVANCED,DATA,STRUCTURE,O,ALGORITHMS"
gs://cimb-demo-222703-vcm/formData/formDataTraining/Chailam/img24_7.jpg,"This,student,is,able,to,handle,advanced,obta,structures,and"
gs://cimb-demo-222703-vcm/formData/formDataTraining/Chailam/img24_8.jpg,"IAN,LIM,VJERN,HAN"
gs://cimb-demo-222703-vcm/formData/formDataTraining/Chailam/img24_9.jpg,"FAN,LIM,WEIN,HAN"
gs://cimb-demo-222703-vcm/formData/formDataTraining/Chailam/img24_10.jpg,"20,/,12,/,2017"
gs://cimb-demo-222703-vcm/formData/formDataTraining/Chailam/img24_11.jpg,"20,/,12,/,2018"
gs://cimb-demo-222703-vcm/formData/formDataTraining/Chailam/img26_0.jpg,"2,269,631"
gs://cimb-demo-222703-vcm/formData/formDataTraining/Chailam/img26_1.jpg,IAN
gs://cimb-demo-222703-vcm/formData/formDataTraining/Chailam/img26_2.jpg,"-,ALVIN,JIAN,JIA"
gs://cimb-demo-222703-vcm/formData/formDataTraining/Chailam/img26_3.jpg,"SOFTWARE,ENGINEERING,HONOURS"
gs://cimb-demo-222703-vcm/formData/formDataTraining/Chailam/img26_4.jpg,FIT3155
gs://cimb-demo-222703-vcm/formData/formDataTraining/Chailam/img26_5.jpg,2018
gs://cimb-demo-222703-vcm/formData/formDataTraining/Chailam/img26_6.jpg,"ADVANCED,DATA,STRUCTURE,W,ALGORLIHMS,_"
gs://cimb-demo-222703-vcm/formData/formDataTraining/Chailam/img26_7.jpg,"This,student,is,able,to,handle,advanced,doto,structures,and"
gs://cimb-demo-222703-vcm/formData/formDataTraining/Chailam/img26_8.jpg,"IAN,LIM,WERN,HAN"
gs://cimb-demo-222703-vcm/formData/formDataTraining/Chailam/img26_9.jpg,"IAN,LIM,WERN,HAN"
gs://cimb-demo-222703-vcm/formData/formDataTraining/Chailam/img26_11.jpg,"20,/,12,/,2018"
gs://cimb-demo-222703-vcm/formData/formDataTraining/Chailam/img28_0.jpg,"2,8,2,6,9,3,7"
gs://cimb-demo-222703-vcm/formData/formDataTraining/Chailam/img28_1.jpg,TAN
gs://cimb-demo-222703-vcm/formData/formDataTraining/Chailam/img28_2.jpg,"-,ALVIN,JIAN,TIA"
gs://cimb-demo-222703-vcm/formData/formDataTraining/Chailam/img28_3.jpg,"SOFTUARI,ENGINEERING,HONOURS"
gs://cimb-demo-222703-vcm/formData/formDataTraining/Chailam/img28_4.jpg,FIT3155
gs://cimb-demo-222703-vcm/formData/formDataTraining/Chailam/img28_5.jpg,2oi
gs://cimb-demo-222703-vcm/formData/formDataTraining/Chailam/img28_6.jpg,"ADVANCED,DATA,STRUCTURE,ALGORITHMS"
gs://cimb-demo-222703-vcm/formData/formDataTraining/Chailam/img28_7.jpg,"This,student,is,able,to,handle,adianced,data,sthetwas,and"
gs://cimb-demo-222703-vcm/formData/formDataTraining/Chailam/img28_8.jpg,"IAN,LIN,WORN,HANI"
gs://cimb-demo-222703-vcm/formData/formDataTraining/Chailam/img28_9.jpg,"IAN,LIM,WERN,HANI"
gs://cimb-demo-222703-vcm/formData/formDataTraining/Chailam/img28_10.jpg,"2017,/,2018"
gs://cimb-demo-222703-vcm/formData/formDataTraining/Chailam/img28_11.jpg,"20,/,12,/,2018"
gs://cimb-demo-222703-vcm/formData/formDataTraining/Chailam/img30_1.jpg,TAN
gs://cimb-demo-222703-vcm/formData/formDataTraining/Chailam/img30_2.jpg,"-,ALVIN,JAN,JIA"
gs://cimb-demo-222703-vcm/formData/formDataTraining/Chailam/img30_3.jpg,"SOFTWARE,ENGINEERING,HONOURS"
gs://cimb-demo-222703-vcm/formData/formDataTraining/Chailam/img30_4.jpg,FITBISS
gs://cimb-demo-222703-vcm/formData/formDataTraining/Chailam/img30_5.jpg,2018
gs://cimb-demo-222703-vcm/formData/formDataTraining/Chailam/img30_6.jpg,"ADVANCED,DATA,STRUCTURE,WALGORITHMS"
gs://cimb-demo-222703-vcm/formData/formDataTraining/Chailam/img30_7.jpg,"This,student,I,cible,to,handle,advanced,data,sthictures,and"
gs://cimb-demo-222703-vcm/formData/formDataTraining/Chailam/img30_8.jpg,"IAN,LIM,LERN,HAN,_"
gs://cimb-demo-222703-vcm/formData/formDataTraining/Chailam/img30_9.jpg,"14H,LIM,WERN,HAN,."
gs://cimb-demo-222703-vcm/formData/formDataTraining/Cynthia/img13_1.jpg,TAN
gs://cimb-demo-222703-vcm/formData/formDataTraining/Cynthia/img13_2.jpg,"ALVIN,JIAN,JIA,."
gs://cimb-demo-222703-vcm/formData/formDataTraining/Cynthia/img13_3.jpg,"SOFTWARE,ENGINEERING,HONOURS"
gs://cimb-demo-222703-vcm/formData/formDataTraining/Cynthia/img13_5.jpg,2018
gs://cimb-demo-222703-vcm/formData/formDataTraining/Cynthia/img13_6.jpg,"ADVANTED,DATA,STRUCTURES,A,ALGORITHMS"
gs://cimb-demo-222703-vcm/formData/formDataTraining/Cynthia/img13_7.jpg,"This,student,IS,abre,to,handle,advanced,data,structures,e,algorithms"
gs://cimb-demo-222703-vcm/formData/formDataTraining/Cynthia/img13_8.jpg,"IAN,LIM,WERN,HAN"
gs://cimb-demo-222703-vcm/formData/formDataTraining/Cynthia/img13_9.jpg,"EAN,HIM,WERN,HAN,."
gs://cimb-demo-222703-vcm/formData/formDataTraining/Cynthia/img13_10.jpg,2011H
gs://cimb-demo-222703-vcm/formData/formDataTraining/Cynthia/img15_1.jpg,TAN
gs://cimb-demo-222703-vcm/formData/formDataTraining/Cynthia/img15_2.jpg,".,ALAN,JIAN,JA"
gs://cimb-demo-222703-vcm/formData/formDataTraining/Cynthia/img15_3.jpg,"SOFTWARE,ENGINEERING,HONOURS"
gs://cimb-demo-222703-vcm/formData/formDataTraining/Cynthia/img15_5.jpg,2018
gs://cimb-demo-222703-vcm/formData/formDataTraining/Cynthia/img15_6.jpg,"ADVANTED,DATA,STRUCTURES,R,ALGORITHIMS"
gs://cimb-demo-222703-vcm/formData/formDataTraining/Cynthia/img15_7.jpg,".,This,student,can,handle,advanced,data,structures,a,algorithms,."
gs://cimb-demo-222703-vcm/formData/formDataTraining/Cynthia/img15_8.jpg,"IAN,HIM,WERN,HAN,."
gs://cimb-demo-222703-vcm/formData/formDataTraining/Cynthia/img15_9.jpg,"ZAN,MM,W,FleN,HANN"
gs://cimb-demo-222703-vcm/formData/formDataTraining/Cynthia/img15_10.jpg,"241,2,/,2018"
gs://cimb-demo-222703-vcm/formData/formDataTraining/Cynthia/img17_0.jpg,"|,21,|,|,4,1,|,17"
gs://cimb-demo-222703-vcm/formData/formDataTraining/Cynthia/img17_1.jpg,TAN
gs://cimb-demo-222703-vcm/formData/formDataTraining/Cynthia/img17_2.jpg,"URNYLO,Nin"
gs://cimb-demo-222703-vcm/formData/formDataTraining/Cynthia/img17_3.jpg,"SOFTWARE,ENGINEERING,Honours"
gs://cimb-demo-222703-vcm/formData/formDataTraining/Cynthia/img17_4.jpg,"FIT,3155"
gs://cimb-demo-222703-vcm/formData/formDataTraining/Cynthia/img17_5.jpg,
gs://cimb-demo-222703-vcm/formData/formDataTraining/Cynthia/img17_6.jpg,"ADVANCED,DATA,STRUTURES,R,ALGOD,.,LTHOVS"
gs://cimb-demo-222703-vcm/formData/formDataTraining/Cynthia/img17_7.jpg,"This,student,is,able,to,handle,advanced,data,Structures,de,pede,and"
gs://cimb-demo-222703-vcm/formData/formDataTraining/Cynthia/img17_8.jpg,"ZAN,HM,WERN,HAN"
gs://cimb-demo-222703-vcm/formData/formDataTraining/Cynthia/img17_9.jpg,"ZAN,LIM,WERN,HAN"
gs://cimb-demo-222703-vcm/formData/formDataTraining/Cynthia/img17_11.jpg,"A,-,1,1,-,1288"
gs://cimb-demo-222703-vcm/formData/formDataTraining/Cynthia/img19_0.jpg,
gs://cimb-demo-222703-vcm/formData/formDataTraining/Cynthia/img19_1.jpg,
gs://cimb-demo-222703-vcm/formData/formDataTraining/Cynthia/img19_2.jpg,"-,ALIN,DIAN,JA"
gs://cimb-demo-222703-vcm/formData/formDataTraining/Cynthia/img19_3.jpg,"SOFTWARE,ENGINEERING,HONOURS"
gs://cimb-demo-222703-vcm/formData/formDataTraining/Cynthia/img19_4.jpg,"|,IST"
gs://cimb-demo-222703-vcm/formData/formDataTraining/Cynthia/img19_6.jpg,"ADVANCED,DATA,STRUCTURE,&,ALGORITHMS,."
gs://cimb-demo-222703-vcm/formData/formDataTraining/Cynthia/img19_7.jpg,"This,student,o,able,to,handle,advanced,data,structures,and,algorithms,!"
gs://cimb-demo-222703-vcm/formData/formDataTraining/Cynthia/img19_8.jpg,"IAN,HM,WERN,HAN"
gs://cimb-demo-222703-vcm/formData/formDataTraining/Cynthia/img19_9.jpg,"ZAN,UM,WEIN,HAN"
gs://cimb-demo-222703-vcm/formData/formDataTraining/Cynthia/img19_10.jpg,Pate
gs://cimb-demo-222703-vcm/formData/formDataTraining/Cynthia/img19_11.jpg,"2012,.,01"
gs://cimb-demo-222703-vcm/formData/formDataTraining/Cynthia/img21_0.jpg,
gs://cimb-demo-222703-vcm/formData/formDataTraining/Cynthia/img21_1.jpg,TAN
gs://cimb-demo-222703-vcm/formData/formDataTraining/Cynthia/img21_2.jpg,"-,ALVIN,JIAN,JIA"
gs://cimb-demo-222703-vcm/formData/formDataTraining/Cynthia/img21_3.jpg,"SOFTWARE,ENGINEERING,HONOURS"
gs://cimb-demo-222703-vcm/formData/formDataTraining/Cynthia/img21_4.jpg,"HT,SS"
gs://cimb-demo-222703-vcm/formData/formDataTraining/Cynthia/img21_5.jpg,2018
gs://cimb-demo-222703-vcm/formData/formDataTraining/Cynthia/img21_6.jpg,"ADVANCED,DATA,STRUCTURE,&,ALGORITHMS"
gs://cimb-demo-222703-vcm/formData/formDataTraining/Cynthia/img21_7.jpg,".,This,mident,is,able,to,handle,advanced,data,structures,and,algorithms,."
gs://cimb-demo-222703-vcm/formData/formDataTraining/Cynthia/img21_8.jpg,"IAN,LIAM,WERN,HAN"
gs://cimb-demo-222703-vcm/formData/formDataTraining/Cynthia/img21_9.jpg,""",LAN,MM,WERN,HAN"
gs://cimb-demo-222703-vcm/formData/formDataTraining/Cynthia/img21_10.jpg,"|,200,12,an,&"
gs://cimb-demo-222703-vcm/formData/formDataTraining/Cynthia/img21_11.jpg,"|,2012,2018"
gs://cimb-demo-222703-vcm/formData/formDataTraining/Cynthia/img23_0.jpg,
gs://cimb-demo-222703-vcm/formData/formDataTraining/Cynthia/img23_1.jpg,TAN
gs://cimb-demo-222703-vcm/formData/formDataTraining/Cynthia/img23_2.jpg,"JAN,JIA"
gs://cimb-demo-222703-vcm/formData/formDataTraining/Cynthia/img23_3.jpg,"SOFTWARE,ENGINEERING,Honours"
gs://cimb-demo-222703-vcm/formData/formDataTraining/Cynthia/img23_4.jpg,"FIT,-,135"
gs://cimb-demo-222703-vcm/formData/formDataTraining/Cynthia/img23_5.jpg,2018
gs://cimb-demo-222703-vcm/formData/formDataTraining/Cynthia/img23_7.jpg,"This,student,is,able,to,handle,advanced,data,structures,,,and,algorithms"
gs://cimb-demo-222703-vcm/formData/formDataTraining/Cynthia/img23_8.jpg,"IAN,LIM,WERN,HAN,."
gs://cimb-demo-222703-vcm/formData/formDataTraining/Cynthia/img23_9.jpg,"IAN,SUM,WERN,HAN,."
gs://cimb-demo-222703-vcm/formData/formDataTraining/Cynthia/img23_10.jpg,"27,-,|,-,28"
gs://cimb-demo-222703-vcm/formData/formDataTraining/Cynthia/img25_0.jpg,
gs://cimb-demo-222703-vcm/formData/formDataTraining/Cynthia/img25_1.jpg,
gs://cimb-demo-222703-vcm/formData/formDataTraining/Cynthia/img25_2.jpg,"ALVIN,JIAN,DIA"
gs://cimb-demo-222703-vcm/formData/formDataTraining/Cynthia/img25_3.jpg,"SOFTWARE,FNGIN,FEPING,HONOURS"
gs://cimb-demo-222703-vcm/formData/formDataTraining/Cynthia/img25_4.jpg,SSLESA
gs://cimb-demo-222703-vcm/formData/formDataTraining/Cynthia/img25_5.jpg,2018
gs://cimb-demo-222703-vcm/formData/formDataTraining/Cynthia/img25_6.jpg,"ADVANCED,ART,DATA,STRUCTURE,&,ALGORITHMS,."
gs://cimb-demo-222703-vcm/formData/formDataTraining/Cynthia/img25_7.jpg,"This,grount,by,were,to,handle,advanced,data,structures,a,algorithms,."
gs://cimb-demo-222703-vcm/formData/formDataTraining/Cynthia/img25_8.jpg,"K,IAN,LIM,WERN,HAN"
gs://cimb-demo-222703-vcm/formData/formDataTraining/Cynthia/img25_9.jpg,"JAN,HOM,WERN,HAN,."
gs://cimb-demo-222703-vcm/formData/formDataTraining/Cynthia/img25_10.jpg,"2,gta,}"
gs://cimb-demo-222703-vcm/formData/formDataTraining/Cynthia/img27_0.jpg,
gs://cimb-demo-222703-vcm/formData/formDataTraining/Cynthia/img27_1.jpg,TAN
gs://cimb-demo-222703-vcm/formData/formDataTraining/Cynthia/img27_2.jpg,".,ANIN,JIAN,JA"
gs://cimb-demo-222703-vcm/formData/formDataTraining/Cynthia/img27_3.jpg,"SOFTWARE,ENGINEERING,HONOURS"
gs://cimb-demo-222703-vcm/formData/formDataTraining/Cynthia/img27_4.jpg,"FIT,3155"
gs://cimb-demo-222703-vcm/formData/formDataTraining/Cynthia/img27_5.jpg,2013
gs://cimb-demo-222703-vcm/formData/formDataTraining/Cynthia/img27_6.jpg,"Adri,ADVANCED,DATA,STRUCTURES,&,ALGORITHMS,."
gs://cimb-demo-222703-vcm/formData/formDataTraining/Cynthia/img27_7.jpg,"This,studenti,ame,to,handle,advanced,data,stmetures,a,algorithms,."
gs://cimb-demo-222703-vcm/formData/formDataTraining/Cynthia/img27_8.jpg,"CAN,HOM,WERN,HAN"
gs://cimb-demo-222703-vcm/formData/formDataTraining/Cynthia/img27_9.jpg,"ZAN,UM,WERN,HAN"
gs://cimb-demo-222703-vcm/formData/formDataTraining/Cynthia/img27_10.jpg,10
gs://cimb-demo-222703-vcm/formData/formDataTraining/Cynthia/img27_11.jpg,"s,locales"
gs://cimb-demo-222703-vcm/formData/formDataTraining/Dad/img18_1.jpg,"ALVIN,JIAN,JIA"
gs://cimb-demo-222703-vcm/formData/formDataTraining/Dad/img18_2.jpg,TAN
gs://cimb-demo-222703-vcm/formData/formDataTraining/Dad/img18_3.jpg,"SOFTWARE,ENGINEERING"
gs://cimb-demo-222703-vcm/formData/formDataTraining/Dad/img18_4.jpg,FIT310
gs://cimb-demo-222703-vcm/formData/formDataTraining/Dad/img18_5.jpg,"-,2018"
gs://cimb-demo-222703-vcm/formData/formDataTraining/Dad/img18_6.jpg,"ADVANCE,ALGORITHM,Q,DATA,STRUCTURE"
gs://cimb-demo-222703-vcm/formData/formDataTraining/Dad/img18_7.jpg,"student,y,able,to,cope"
gs://cimb-demo-222703-vcm/formData/formDataTraining/Dad/img18_8.jpg,"shudent,has,taken,a,previous,similar,unit"
gs://cimb-demo-222703-vcm/formData/formDataTraining/Dad/img18_9.jpg,"sedent,understands,algorithms,."
gs://cimb-demo-222703-vcm/formData/formDataTraining/Dad/img18_10.jpg,"students,understands,data,smucaures"
gs://cimb-demo-222703-vcm/formData/formDataTraining/Dad/img18_11.jpg,"I,student,understands,coding"
gs://cimb-demo-222703-vcm/formData/formDataTraining/Dad/img18_12.jpg,"I,student,understands,coding"
gs://cimb-demo-222703-vcm/formData/formDataTraining/Dad/img18_13.jpg,"IAN,IM,WEEN,HAN"
gs://cimb-demo-222703-vcm/formData/formDataTraining/Dad/img18_14.jpg,"LAN,UM,weeN,HAN"
gs://cimb-demo-222703-vcm/formData/formDataTraining/Dad/img18_15.jpg,"|,27,/,11,/,2010"
gs://cimb-demo-222703-vcm/formData/formDataTraining/Dad/img20_0.jpg,
gs://cimb-demo-222703-vcm/formData/formDataTraining/Dad/img20_1.jpg,"ALUIN,JIAN,JIA"
gs://cimb-demo-222703-vcm/formData/formDataTraining/Dad/img20_2.jpg,TAN
gs://cimb-demo-222703-vcm/formData/formDataTraining/Dad/img20_3.jpg,"SOFTWARE,ENGINEERING"
gs://cimb-demo-222703-vcm/formData/formDataTraining/Dad/img20_5.jpg,
gs://cimb-demo-222703-vcm/formData/formDataTraining/Dad/img20_6.jpg,"ADVANCE,ALGORI,TMN,&,DATA,STRUCTURE"
gs://cimb-demo-222703-vcm/formData/formDataTraining/Dad/img20_7.jpg,"shudent,y,able,to,come"
gs://cimb-demo-222703-vcm/formData/formDataTraining/Dad/img20_8.jpg,"she,dent,have,taken,a,previono,similar,unit"
gs://cimb-demo-222703-vcm/formData/formDataTraining/Dad/img20_9.jpg,"shident,and,estands,algorithms"
gs://cimb-demo-222703-vcm/formData/formDataTraining/Dad/img20_10.jpg,"smant,understands,anta,shuchures"
gs://cimb-demo-222703-vcm/formData/formDataTraining/Dad/img20_11.jpg,"shant,unde,sands,coding"
gs://cimb-demo-222703-vcm/formData/formDataTraining/Dad/img20_12.jpg,"shant,unde,sands,coding"
gs://cimb-demo-222703-vcm/formData/formDataTraining/Dad/img20_13.jpg,"IAN,LIM,WERN,THAT"
gs://cimb-demo-222703-vcm/formData/formDataTraining/Dad/img20_14.jpg,"IAN,LIM,WERN,HAT"
gs://cimb-demo-222703-vcm/formData/formDataTraining/Dad/img20_15.jpg,""","",/,/,tw"
gs://cimb-demo-222703-vcm/formData/formDataTraining/Dad/img20_16.jpg,"27,/,01,/,2018"
gs://cimb-demo-222703-vcm/formData/formDataTraining/Dad/img22_0.jpg,"4,8,|,2,|,6,|,|,31"
gs://cimb-demo-222703-vcm/formData/formDataTraining/Dad/img22_1.jpg,"ALDIN,JIAN,JIA"
gs://cimb-demo-222703-vcm/formData/formDataTraining/Dad/img22_2.jpg,TAN
gs://cimb-demo-222703-vcm/formData/formDataTraining/Dad/img22_3.jpg,"SOFTWARE,ENGINEERING"
gs://cimb-demo-222703-vcm/formData/formDataTraining/Dad/img22_4.jpg,"FIT,3165"
gs://cimb-demo-222703-vcm/formData/formDataTraining/Dad/img22_5.jpg,
gs://cimb-demo-222703-vcm/formData/formDataTraining/Dad/img22_6.jpg,"ADUANCE,ALGORITHM,&,DATA,STRUCTURE"
gs://cimb-demo-222703-vcm/formData/formDataTraining/Dad/img22_7.jpg,"student,is,able,to,cope"
gs://cimb-demo-222703-vcm/formData/formDataTraining/Dad/img22_8.jpg,"Shidnt,has,taken,a,previous,fimular,une"
gs://cimb-demo-222703-vcm/formData/formDataTraining/Dad/img22_9.jpg,"shidn,',t,understands,algorithms"
gs://cimb-demo-222703-vcm/formData/formDataTraining/Dad/img22_10.jpg,"sment,inderstands,data,shulters"
gs://cimb-demo-222703-vcm/formData/formDataTraining/Dad/img22_11.jpg,"shudent,inderstande,coding"
gs://cimb-demo-222703-vcm/formData/formDataTraining/Dad/img22_12.jpg,"shudent,inderstande,coding"
gs://cimb-demo-222703-vcm/formData/formDataTraining/Dad/img22_13.jpg,"IAN,LIM,WERN,HA"
gs://cimb-demo-222703-vcm/formData/formDataTraining/Dad/img22_14.jpg,"un,mam,mis,MMI"
gs://cimb-demo-222703-vcm/formData/formDataTraining/Dad/img22_15.jpg,""",2tul2018"
gs://cimb-demo-222703-vcm/formData/formDataTraining/Dad/img24_1.jpg,"ALVIN,JIAN,JIA"
gs://cimb-demo-222703-vcm/formData/formDataTraining/Dad/img24_2.jpg,TAN
gs://cimb-demo-222703-vcm/formData/formDataTraining/Dad/img24_3.jpg,"SOFTWARE,ENGINEERING"
gs://cimb-demo-222703-vcm/formData/formDataTraining/Dad/img24_4.jpg,FIT3145
gs://cimb-demo-222703-vcm/formData/formDataTraining/Dad/img24_5.jpg,30
gs://cimb-demo-222703-vcm/formData/formDataTraining/Dad/img24_7.jpg,"Student,b,able,to,cole"
gs://cimb-demo-222703-vcm/formData/formDataTraining/Dad/img24_8.jpg,"-,Shudent,has,taken,a,breninis,similar,the"
gs://cimb-demo-222703-vcm/formData/formDataTraining/Dad/img24_9.jpg,"Shudent,understands,algom,rumo"
gs://cimb-demo-222703-vcm/formData/formDataTraining/Dad/img24_10.jpg,"I,shidnek,industamas,data,s,muchills"
gs://cimb-demo-222703-vcm/formData/formDataTraining/Dad/img24_11.jpg,"i,smane,und,histonds,codnig"
gs://cimb-demo-222703-vcm/formData/formDataTraining/Dad/img24_12.jpg,"i,smane,und,histonds,codnig"
gs://cimb-demo-222703-vcm/formData/formDataTraining/Dad/img24_13.jpg,"IIAN,LIM,WERN,THAN"
gs://cimb-demo-222703-vcm/formData/formDataTraining/Dad/img24_14.jpg,"IAN,LIM,WERN,LA"
gs://cimb-demo-222703-vcm/formData/formDataTraining/Dad/img24_15.jpg,"SHU,/,2010"
gs://cimb-demo-222703-vcm/formData/formDataTraining/Dad/img24_16.jpg,SHulsold
gs://cimb-demo-222703-vcm/formData/formDataTraining/Dad/img26_0.jpg,3
gs://cimb-demo-222703-vcm/formData/formDataTraining/Dad/img26_1.jpg,"ALUIN,JIAN,JIA"
gs://cimb-demo-222703-vcm/formData/formDataTraining/Dad/img26_2.jpg,TAN
gs://cimb-demo-222703-vcm/formData/formDataTraining/Dad/img26_3.jpg,"SOFTWARE,ENGINEERING"
gs://cimb-demo-222703-vcm/formData/formDataTraining/Dad/img26_5.jpg,
gs://cimb-demo-222703-vcm/formData/formDataTraining/Dad/img26_6.jpg,"ADVANCE,ALGORITHM,&,DATA,STRUCTURE"
gs://cimb-demo-222703-vcm/formData/formDataTraining/Dad/img26_7.jpg,"shudent,is,able,to,cobe"
gs://cimb-demo-222703-vcm/formData/formDataTraining/Dad/img26_8.jpg,"Shudent,has,taken,a,Brerous,Armwar,mer"
gs://cimb-demo-222703-vcm/formData/formDataTraining/Dad/img26_9.jpg,"Shidint,was,tomas,allow,Hlins"
gs://cimb-demo-222703-vcm/formData/formDataTraining/Dad/img26_10.jpg,"Ishidint,andlstands,datta,,,smecheres"
gs://cimb-demo-222703-vcm/formData/formDataTraining/Dad/img26_11.jpg,"shidnt,understands,coding"
gs://cimb-demo-222703-vcm/formData/formDataTraining/Dad/img26_12.jpg,"shidnt,understands,coding"
gs://cimb-demo-222703-vcm/formData/formDataTraining/Dad/img26_13.jpg,"IAN,LIM,WERN,IHA"
gs://cimb-demo-222703-vcm/formData/formDataTraining/Dad/img26_14.jpg,"IIAN,LIM,WERN,HAN"
gs://cimb-demo-222703-vcm/formData/formDataTraining/Dad/img26_15.jpg,12H412014
gs://cimb-demo-222703-vcm/formData/formDataTraining/Dad/img26_16.jpg,"ylul,2014"
gs://cimb-demo-222703-vcm/formData/formDataTraining/Dad/img28_1.jpg,"ATVIN,JIAN,JIA"
gs://cimb-demo-222703-vcm/formData/formDataTraining/Dad/img28_2.jpg,TAN
gs://cimb-demo-222703-vcm/formData/formDataTraining/Dad/img28_3.jpg,"SOFTWARE,ENGINEERING"
gs://cimb-demo-222703-vcm/formData/formDataTraining/Dad/img28_4.jpg,"FIT,3145"
gs://cimb-demo-222703-vcm/formData/formDataTraining/Dad/img28_6.jpg,"ADVANCE,ALGORITHM,&,DATA,STRUCTURE"
gs://cimb-demo-222703-vcm/formData/formDataTraining/Dad/img28_8.jpg,"Shdent,has,taken,a,prerous,Arnar,umer"
gs://cimb-demo-222703-vcm/formData/formDataTraining/Dad/img28_9.jpg,"Shidence,webotomo,axexom,Hems"
gs://cimb-demo-222703-vcm/formData/formDataTraining/Dad/img28_10.jpg,"|,Shidint,mollstands,dota,Amecheres"
gs://cimb-demo-222703-vcm/formData/formDataTraining/Dad/img28_11.jpg,"Jumpso,nou,panous,puspris,I"
gs://cimb-demo-222703-vcm/formData/formDataTraining/Dad/img28_12.jpg,"Jumpso,nou,panous,puspris,I"
gs://cimb-demo-222703-vcm/formData/formDataTraining/Dad/img28_13.jpg,"TIAN,LIM,WERN,HAN"
gs://cimb-demo-222703-vcm/formData/formDataTraining/Dad/img28_14.jpg,"TIAN,CIM,WERN,HAN"
gs://cimb-demo-222703-vcm/formData/formDataTraining/Dad/img28_16.jpg,""",/,u,/,2018"
gs://cimb-demo-222703-vcm/formData/formDataTraining/Dad/img30_1.jpg,"ALVIN,JIAN,JIA"
gs://cimb-demo-222703-vcm/formData/formDataTraining/Dad/img30_2.jpg,TAN
gs://cimb-demo-222703-vcm/formData/formDataTraining/Dad/img30_3.jpg,"SOFTWARE,ENGINEERING"
gs://cimb-demo-222703-vcm/formData/formDataTraining/Dad/img30_4.jpg,"FIT,Bide"
gs://cimb-demo-222703-vcm/formData/formDataTraining/Dad/img30_5.jpg,
gs://cimb-demo-222703-vcm/formData/formDataTraining/Dad/img30_6.jpg,"SOFTWARE,ENGINEERING"
gs://cimb-demo-222703-vcm/formData/formDataTraining/Dad/img30_7.jpg,"Shidunt,y,able,to,cope"
gs://cimb-demo-222703-vcm/formData/formDataTraining/Dad/img30_8.jpg,"student,has,taken,a,pneuvons,ainular,same"
gs://cimb-demo-222703-vcm/formData/formDataTraining/Dad/img30_9.jpg,"Ghident,understands,also,with,me"
gs://cimb-demo-222703-vcm/formData/formDataTraining/Dad/img30_10.jpg,"Ishudent,und,istands,,,data,,,otwellias"
gs://cimb-demo-222703-vcm/formData/formDataTraining/Dad/img30_11.jpg,"Bumpos,somas,noms,persones"
gs://cimb-demo-222703-vcm/formData/formDataTraining/Dad/img30_12.jpg,"Bumpos,somas,noms,persones"
gs://cimb-demo-222703-vcm/formData/formDataTraining/Dad/img30_13.jpg,"TIAN,LIM,WERN,HAND"
gs://cimb-demo-222703-vcm/formData/formDataTraining/Dad/img30_14.jpg,"KAN,IM,WERN,HAN"
gs://cimb-demo-222703-vcm/formData/formDataTraining/Dad/img30_15.jpg,"$,7,ul,old"
gs://cimb-demo-222703-vcm/formData/formDataTraining/Dad/img30_16.jpg,"24,/,2018"
gs://cimb-demo-222703-vcm/formData/formDataTraining/Dad/img32_1.jpg,"ALUIN,JIAN,JIA"
gs://cimb-demo-222703-vcm/formData/formDataTraining/Dad/img32_2.jpg,TAN
gs://cimb-demo-222703-vcm/formData/formDataTraining/Dad/img32_3.jpg,"SOFTWARE,ENGINEERING"
gs://cimb-demo-222703-vcm/formData/formDataTraining/Dad/img32_6.jpg,"ADVANCE,ALGORITMN,&,DATA,strucakt"
gs://cimb-demo-222703-vcm/formData/formDataTraining/Dad/img32_7.jpg,"Shedint,ú,able,V,pe"
gs://cimb-demo-222703-vcm/formData/formDataTraining/Dad/img32_8.jpg,"Shudent,has,taken,a,ressous,termen,umer"
gs://cimb-demo-222703-vcm/formData/formDataTraining/Dad/img32_9.jpg,"she,lit,indla,rande,amarum"
gs://cimb-demo-222703-vcm/formData/formDataTraining/Dad/img32_10.jpg,"-,shidan,',t,mellytando,della,grecimo"
gs://cimb-demo-222703-vcm/formData/formDataTraining/Dad/img32_11.jpg,"I,shudent,under,anus,codne"
gs://cimb-demo-222703-vcm/formData/formDataTraining/Dad/img32_12.jpg,"I,shudent,under,anus,codne"
gs://cimb-demo-222703-vcm/formData/formDataTraining/Dad/img32_13.jpg,"IAN,LIM,WEEN,HAN"
gs://cimb-demo-222703-vcm/formData/formDataTraining/Dad/img32_14.jpg,"IRAN,UM,WERN,HAN"
gs://cimb-demo-222703-vcm/formData/formDataTraining/Dad/img32_15.jpg,"Porin,ton"
gs://cimb-demo-222703-vcm/formData/formDataTraining/Dad/img32_16.jpg,""",27,/,ul,2016"
gs://cimb-demo-222703-vcm/formData/formDataTraining/Dad/img34_1.jpg,"AZUIN,JIAN,JIA"
gs://cimb-demo-222703-vcm/formData/formDataTraining/Dad/img34_2.jpg,TAN
gs://cimb-demo-222703-vcm/formData/formDataTraining/Dad/img34_3.jpg,"SOFTWARE,ENGINEERING"
gs://cimb-demo-222703-vcm/formData/formDataTraining/Dad/img34_6.jpg,"ADVANCE,ALGORITHM,&,DATA,STRUCTURE"
gs://cimb-demo-222703-vcm/formData/formDataTraining/Dad/img34_7.jpg,"Shudent,á,able,to,cope"
gs://cimb-demo-222703-vcm/formData/formDataTraining/Dad/img34_8.jpg,"I,shudent,has,taken,a,prevrou,Aimular,inte"
gs://cimb-demo-222703-vcm/formData/formDataTraining/Dad/img34_9.jpg,"She,dent,malamill,allow,Puma"
gs://cimb-demo-222703-vcm/formData/formDataTraining/Dad/img34_10.jpg,"I,shudent,undistands,data,structures"
gs://cimb-demo-222703-vcm/formData/formDataTraining/Dad/img34_11.jpg,"|,sheint,und,istemes,codud"
gs://cimb-demo-222703-vcm/formData/formDataTraining/Dad/img34_12.jpg,"|,sheint,und,istemes,codud"
gs://cimb-demo-222703-vcm/formData/formDataTraining/Dad/img34_13.jpg,"TIAN,UM,WERN,HAN"
gs://cimb-demo-222703-vcm/formData/formDataTraining/Dad/img34_14.jpg,"|,IAN,LOM,WERN,LEAR"
gs://cimb-demo-222703-vcm/formData/formDataTraining/Dad/img34_15.jpg,"|,27tul,sold"
gs://cimb-demo-222703-vcm/formData/formDataTraining/Dad/img34_16.jpg,"|,27tul,solf"
gs://cimb-demo-222703-vcm/formData/formDataTraining/Dad/img36_1.jpg,"ALOIN,JIAN,SIA"
gs://cimb-demo-222703-vcm/formData/formDataTraining/Dad/img36_2.jpg,TAN
gs://cimb-demo-222703-vcm/formData/formDataTraining/Dad/img36_3.jpg,"SOFTWARE,ENGINEERING"
gs://cimb-demo-222703-vcm/formData/formDataTraining/Dad/img36_5.jpg,"-,268"
gs://cimb-demo-222703-vcm/formData/formDataTraining/Dad/img36_6.jpg,"ADVANCE,ALGORITHAN,&,DATA,STRUCTURE"
gs://cimb-demo-222703-vcm/formData/formDataTraining/Dad/img36_7.jpg,"smant,à,able,to,cope"
gs://cimb-demo-222703-vcm/formData/formDataTraining/Dad/img36_8.jpg,"Shundunt,has,taken,a,plena,arma,www"
gs://cimb-demo-222703-vcm/formData/formDataTraining/Dad/img36_9.jpg,"SW,denok,welstenda,aldonuwe"
gs://cimb-demo-222703-vcm/formData/formDataTraining/Dad/img36_10.jpg,"|,Shident,industande,dalla,SWUchurus"
gs://cimb-demo-222703-vcm/formData/formDataTraining/Dad/img36_11.jpg,"I,shemt,und,brands,Coding"
gs://cimb-demo-222703-vcm/formData/formDataTraining/Dad/img36_12.jpg,"I,shemt,und,brands,Coding"
gs://cimb-demo-222703-vcm/formData/formDataTraining/Dad/img36_13.jpg,"IAN,LIM,WERN,HAN"
gs://cimb-demo-222703-vcm/formData/formDataTraining/Dad/img36_14.jpg,"BIAN,CM,WERN,LHA"
gs://cimb-demo-222703-vcm/formData/formDataTraining/Dad/img36_15.jpg,"|,tvNik"
gs://cimb-demo-222703-vcm/formData/formDataTraining/Dad/img36_16.jpg,"I,SHu,2010"
gs://cimb-demo-222703-vcm/formData/formDataTraining/Edwin/img15_0.jpg,"28,269,|,8,|,37"
gs://cimb-demo-222703-vcm/formData/formDataTraining/Edwin/img15_1.jpg,"ALVIN,JIAN,JA"
gs://cimb-demo-222703-vcm/formData/formDataTraining/Edwin/img15_2.jpg,TAN
gs://cimb-demo-222703-vcm/formData/formDataTraining/Edwin/img15_3.jpg,"SOFTWARE,ENGINEERING"
gs://cimb-demo-222703-vcm/formData/formDataTraining/Edwin/img15_4.jpg,FiT325
gs://cimb-demo-222703-vcm/formData/formDataTraining/Edwin/img15_5.jpg,2018
gs://cimb-demo-222703-vcm/formData/formDataTraining/Edwin/img15_6.jpg,"ADVANCE,ALGORITHM,AND,DATA,STRUCTURE"
gs://cimb-demo-222703-vcm/formData/formDataTraining/Edwin/img15_7.jpg,"Student,is,able,to,cope,."
gs://cimb-demo-222703-vcm/formData/formDataTraining/Edwin/img15_8.jpg,"One,a,previour,WT,."
gs://cimb-demo-222703-vcm/formData/formDataTraining/Edwin/img15_9.jpg,"Seythaltwas,ampnr,."
gs://cimb-demo-222703-vcm/formData/formDataTraining/Edwin/img15_10.jpg,"Student,inderstands,data,studines,."
gs://cimb-demo-222703-vcm/formData/formDataTraining/Edwin/img15_11.jpg,"Student,understands,coding,."
gs://cimb-demo-222703-vcm/formData/formDataTraining/Edwin/img15_12.jpg,"Student,understands,coding,."
gs://cimb-demo-222703-vcm/formData/formDataTraining/Edwin/img15_13.jpg,"IN,UM,WERN,HAN"
gs://cimb-demo-222703-vcm/formData/formDataTraining/Edwin/img15_14.jpg,"IN,UM,WERN,HAN"
gs://cimb-demo-222703-vcm/formData/formDataTraining/Edwin/img15_15.jpg,"19,/,18"
gs://cimb-demo-222703-vcm/formData/formDataTraining/Edwin/img17_0.jpg,"28,|,2,|,3,|,4,|,8,|,3,|,+"
gs://cimb-demo-222703-vcm/formData/formDataTraining/Edwin/img17_1.jpg,"ALVIN,JIAN,JIA"
gs://cimb-demo-222703-vcm/formData/formDataTraining/Edwin/img17_2.jpg,TAN
gs://cimb-demo-222703-vcm/formData/formDataTraining/Edwin/img17_3.jpg,"SOFTWARE,ENGINEERING"
gs://cimb-demo-222703-vcm/formData/formDataTraining/Edwin/img17_4.jpg,"CIT3245,."
gs://cimb-demo-222703-vcm/formData/formDataTraining/Edwin/img17_5.jpg,2018
gs://cimb-demo-222703-vcm/formData/formDataTraining/Edwin/img17_6.jpg,"AVANKE,ALGORITHM,AND,DATA,STRUCTURE"
gs://cimb-demo-222703-vcm/formData/formDataTraining/Edwin/img17_7.jpg,"Alvin,is,able,to,cope,."
gs://cimb-demo-222703-vcm/formData/formDataTraining/Edwin/img17_8.jpg,"ANIN,45,oben,a,prenbus,similar,unt,."
gs://cimb-demo-222703-vcm/formData/formDataTraining/Edwin/img17_9.jpg,"HWI,thousands,algorithms"
gs://cimb-demo-222703-vcm/formData/formDataTraining/Edwin/img17_10.jpg,"ANIN,understanas,data,smetues,."
gs://cimb-demo-222703-vcm/formData/formDataTraining/Edwin/img17_11.jpg,"Alvin,understands,cooling,."
gs://cimb-demo-222703-vcm/formData/formDataTraining/Edwin/img17_12.jpg,"Alvin,understands,cooling,."
gs://cimb-demo-222703-vcm/formData/formDataTraining/Edwin/img17_13.jpg,"JAN,UM,WERN,HAN"
gs://cimb-demo-222703-vcm/formData/formDataTraining/Edwin/img17_14.jpg,"IAN,LIM,WERN,HAN"
gs://cimb-demo-222703-vcm/formData/formDataTraining/Edwin/img17_15.jpg,"2,/,11,/,28"
gs://cimb-demo-222703-vcm/formData/formDataTraining/Edwin/img19_1.jpg,"ALVIN,JIAN,JIA"
gs://cimb-demo-222703-vcm/formData/formDataTraining/Edwin/img19_2.jpg,TAN
gs://cimb-demo-222703-vcm/formData/formDataTraining/Edwin/img19_3.jpg,"SOFTWARE,ENGINEERING"
gs://cimb-demo-222703-vcm/formData/formDataTraining/Edwin/img19_4.jpg,173145
gs://cimb-demo-222703-vcm/formData/formDataTraining/Edwin/img19_5.jpg,2018
gs://cimb-demo-222703-vcm/formData/formDataTraining/Edwin/img19_6.jpg,"ADVANCE,ALGORITHM,AND,DATA,STRUCTURE,."
gs://cimb-demo-222703-vcm/formData/formDataTraining/Edwin/img19_7.jpg,"Student,AS,able,to,cope,."
gs://cimb-demo-222703-vcm/formData/formDataTraining/Edwin/img19_8.jpg,"Student,took,a,previous,similar,wit,."
gs://cimb-demo-222703-vcm/formData/formDataTraining/Edwin/img19_9.jpg,",P,uan,Davelsman,Lones"
gs://cimb-demo-222703-vcm/formData/formDataTraining/Edwin/img19_10.jpg,"Student,understonos,data,structures,."
gs://cimb-demo-222703-vcm/formData/formDataTraining/Edwin/img19_11.jpg,"Student,understands,coding,:"
gs://cimb-demo-222703-vcm/formData/formDataTraining/Edwin/img19_12.jpg,"Student,understands,coding,:"
gs://cimb-demo-222703-vcm/formData/formDataTraining/Edwin/img19_13.jpg,"TAN,UM,WERN,HAN,.,.,.,A,.,A,.,.,."
gs://cimb-demo-222703-vcm/formData/formDataTraining/Edwin/img19_14.jpg,"IAN,UM,WERN,HAN"
gs://cimb-demo-222703-vcm/formData/formDataTraining/Edwin/img19_15.jpg,"27,/,1,/,2018"
gs://cimb-demo-222703-vcm/formData/formDataTraining/Edwin/img19_16.jpg,"-,11,/,18"
gs://cimb-demo-222703-vcm/formData/formDataTraining/Edwin/img21_0.jpg,"2,|,8,|,2,|,6,9,|,8,|,3,|,1"
gs://cimb-demo-222703-vcm/formData/formDataTraining/Edwin/img21_1.jpg,"ALVIN,JIAN,JIA"
gs://cimb-demo-222703-vcm/formData/formDataTraining/Edwin/img21_2.jpg,"=,TAN"
gs://cimb-demo-222703-vcm/formData/formDataTraining/Edwin/img21_3.jpg,"SOFTWARE,ENGINEERING"
gs://cimb-demo-222703-vcm/formData/formDataTraining/Edwin/img21_5.jpg,"20,!,8"
gs://cimb-demo-222703-vcm/formData/formDataTraining/Edwin/img21_6.jpg,"ADVANKE,ALGORITHM,AND,DATA,STAULTURE"
gs://cimb-demo-222703-vcm/formData/formDataTraining/Edwin/img21_7.jpg,"Student,is,able,to,cope"
gs://cimb-demo-222703-vcm/formData/formDataTraining/Edwin/img21_8.jpg,"Stedenthal,Toner,4,prevlars,similar,wt,."
gs://cimb-demo-222703-vcm/formData/formDataTraining/Edwin/img21_9.jpg,"Stalent,rolesteros,apris,."
gs://cimb-demo-222703-vcm/formData/formDataTraining/Edwin/img21_11.jpg,"student,weerstanag,cooling,,"
gs://cimb-demo-222703-vcm/formData/formDataTraining/Edwin/img21_12.jpg,"student,weerstanag,cooling,,"
gs://cimb-demo-222703-vcm/formData/formDataTraining/Edwin/img21_13.jpg,"IAN,LIM,WERN,HAN,-,-,-,-,-,-,-,-,-"
gs://cimb-demo-222703-vcm/formData/formDataTraining/Edwin/img21_14.jpg,"ZAN,LIM,WERN,HAN"
gs://cimb-demo-222703-vcm/formData/formDataTraining/Edwin/img21_15.jpg,"810c,/,11,/"
gs://cimb-demo-222703-vcm/formData/formDataTraining/Edwin/img21_16.jpg,2008
gs://cimb-demo-222703-vcm/formData/formDataTraining/Edwin/img23_0.jpg,
gs://cimb-demo-222703-vcm/formData/formDataTraining/Edwin/img23_1.jpg,"ALVIN,JIAN,JIA,|"
gs://cimb-demo-222703-vcm/formData/formDataTraining/Edwin/img23_2.jpg,
gs://cimb-demo-222703-vcm/formData/formDataTraining/Edwin/img23_3.jpg,"SOFTWARE,ENGINEERING"
gs://cimb-demo-222703-vcm/formData/formDataTraining/Edwin/img23_4.jpg,F173145
gs://cimb-demo-222703-vcm/formData/formDataTraining/Edwin/img23_5.jpg,2018
gs://cimb-demo-222703-vcm/formData/formDataTraining/Edwin/img23_6.jpg,"ADVANCE,ALGORITHM,"",AND,DATA,STRUCTURE"
gs://cimb-demo-222703-vcm/formData/formDataTraining/Edwin/img23_7.jpg,"Student,B,able,to,cope,."
gs://cimb-demo-222703-vcm/formData/formDataTraining/Edwin/img23_8.jpg,"Studex,took,a,previous,similar,ant,.,."
gs://cimb-demo-222703-vcm/formData/formDataTraining/Edwin/img23_9.jpg,"Cuolen,udesional,prins"
gs://cimb-demo-222703-vcm/formData/formDataTraining/Edwin/img23_10.jpg,"Student,understands,data,studies,."
gs://cimb-demo-222703-vcm/formData/formDataTraining/Edwin/img23_11.jpg,"Studest,cuderstand,cooling,."
gs://cimb-demo-222703-vcm/formData/formDataTraining/Edwin/img23_12.jpg,"Studest,cuderstand,cooling,."
gs://cimb-demo-222703-vcm/formData/formDataTraining/Edwin/img23_13.jpg,"TAN,UM,WERN,HAN"
gs://cimb-demo-222703-vcm/formData/formDataTraining/Edwin/img23_14.jpg,"IAN,UM,WERN,HAN"
gs://cimb-demo-222703-vcm/formData/formDataTraining/Edwin/img23_15.jpg,"/,11,/,28"
gs://cimb-demo-222703-vcm/formData/formDataTraining/Edwin/img23_16.jpg,
gs://cimb-demo-222703-vcm/formData/formDataTraining/Edwin/img25_1.jpg,"ALVIN,JIAN,JIA"
gs://cimb-demo-222703-vcm/formData/formDataTraining/Edwin/img25_2.jpg,":,TAN"
gs://cimb-demo-222703-vcm/formData/formDataTraining/Edwin/img25_3.jpg,"SOFTWARE,ENGINEERING"
gs://cimb-demo-222703-vcm/formData/formDataTraining/Edwin/img25_4.jpg,"-,17345"
gs://cimb-demo-222703-vcm/formData/formDataTraining/Edwin/img25_6.jpg,"MOVANCE,ALGORITHM,AND,DATA,STRUCTURE"
gs://cimb-demo-222703-vcm/formData/formDataTraining/Edwin/img25_7.jpg,"Student,és,able,to,cope,."
gs://cimb-demo-222703-vcm/formData/formDataTraining/Edwin/img25_8.jpg,"Student,has,taken,a,previous,similar,int,."
gs://cimb-demo-222703-vcm/formData/formDataTraining/Edwin/img25_9.jpg,"Student,understond"
gs://cimb-demo-222703-vcm/formData/formDataTraining/Edwin/img25_10.jpg,"Srider,understands,dara,n,ues,."
gs://cimb-demo-222703-vcm/formData/formDataTraining/Edwin/img25_11.jpg,"student,understands,coding,."
gs://cimb-demo-222703-vcm/formData/formDataTraining/Edwin/img25_12.jpg,"student,understands,coding,."
gs://cimb-demo-222703-vcm/formData/formDataTraining/Edwin/img25_13.jpg,"IIAN,LIM,WERN,HAN"
gs://cimb-demo-222703-vcm/formData/formDataTraining/Edwin/img25_14.jpg,"LAN,UM,WERN,HAN"
gs://cimb-demo-222703-vcm/formData/formDataTraining/Edwin/img25_15.jpg,"27,/,11,/,2018"
gs://cimb-demo-222703-vcm/formData/formDataTraining/Edwin/img25_16.jpg,2008
gs://cimb-demo-222703-vcm/formData/formDataTraining/Edwin/img27_1.jpg,"ALVIN,JIAN,JIA"
gs://cimb-demo-222703-vcm/formData/formDataTraining/Edwin/img27_2.jpg,"-,TAN"
gs://cimb-demo-222703-vcm/formData/formDataTraining/Edwin/img27_3.jpg,"SOFTWARE,ENGINEERING"
gs://cimb-demo-222703-vcm/formData/formDataTraining/Edwin/img27_4.jpg,ChieL13
gs://cimb-demo-222703-vcm/formData/formDataTraining/Edwin/img27_5.jpg,2018
gs://cimb-demo-222703-vcm/formData/formDataTraining/Edwin/img27_6.jpg,"ADVANCE,ALGORITHM,AND,DATA,STRUCTURE"
gs://cimb-demo-222703-vcm/formData/formDataTraining/Edwin/img27_7.jpg,"Student,is,able,to,cope,."
gs://cimb-demo-222703-vcm/formData/formDataTraining/Edwin/img27_8.jpg,"student,has,taken,a,previous,Slovan,Mt,."
gs://cimb-demo-222703-vcm/formData/formDataTraining/Edwin/img27_9.jpg,"Student,unde,stands,algorithms,."
gs://cimb-demo-222703-vcm/formData/formDataTraining/Edwin/img27_10.jpg,"Student,understands,data,hurred,."
gs://cimb-demo-222703-vcm/formData/formDataTraining/Edwin/img27_11.jpg,"Student,understands,cooling,."
gs://cimb-demo-222703-vcm/formData/formDataTraining/Edwin/img27_12.jpg,"Student,understands,cooling,."
gs://cimb-demo-222703-vcm/formData/formDataTraining/Edwin/img27_13.jpg,"IAN,LIM,WERN,HAN"
gs://cimb-demo-222703-vcm/formData/formDataTraining/Edwin/img27_14.jpg,"IAN,LIM,WERN,HAN"
gs://cimb-demo-222703-vcm/formData/formDataTraining/Edwin/img27_15.jpg,"27,/,208"
gs://cimb-demo-222703-vcm/formData/formDataTraining/Edwin/img29_0.jpg,"12,|,82,|,6,|,1,|,2,|,3,|,4"
gs://cimb-demo-222703-vcm/formData/formDataTraining/Edwin/img29_1.jpg,"ALVIN,JIAN,JIA"
gs://cimb-demo-222703-vcm/formData/formDataTraining/Edwin/img29_2.jpg,NL
gs://cimb-demo-222703-vcm/formData/formDataTraining/Edwin/img29_3.jpg,"SOFTWARE,ENGINEERING"
gs://cimb-demo-222703-vcm/formData/formDataTraining/Edwin/img29_4.jpg,FIT3145
gs://cimb-demo-222703-vcm/formData/formDataTraining/Edwin/img29_6.jpg,"DUANCE,ALGORITHM,MO,DATA,STRUCTURE"
gs://cimb-demo-222703-vcm/formData/formDataTraining/Edwin/img29_7.jpg,"Student,is,able,to,cope,."
gs://cimb-demo-222703-vcm/formData/formDataTraining/Edwin/img29_8.jpg,"student,has,taken,a,prevraie,similar,wt,."
gs://cimb-demo-222703-vcm/formData/formDataTraining/Edwin/img29_9.jpg,"Studert,understands,algorithms,."
gs://cimb-demo-222703-vcm/formData/formDataTraining/Edwin/img29_10.jpg,"Student,understands,data,structures,,"
gs://cimb-demo-222703-vcm/formData/formDataTraining/Edwin/img29_11.jpg,"Student,understands,cooling,."
gs://cimb-demo-222703-vcm/formData/formDataTraining/Edwin/img29_12.jpg,"Student,understands,cooling,."
gs://cimb-demo-222703-vcm/formData/formDataTraining/Edwin/img29_13.jpg,"IAN,UM,WERN,HAN,.,.,."
gs://cimb-demo-222703-vcm/formData/formDataTraining/Edwin/img29_14.jpg,"ZAN,UM,WERN,HAN"
gs://cimb-demo-222703-vcm/formData/formDataTraining/Edwin/img29_16.jpg,"|,/,/,og"
gs://cimb-demo-222703-vcm/formData/formDataTraining/Edwin/img31_1.jpg,"ALVIN,JIAN,JIA"
gs://cimb-demo-222703-vcm/formData/formDataTraining/Edwin/img31_2.jpg,"-,TAN"
gs://cimb-demo-222703-vcm/formData/formDataTraining/Edwin/img31_3.jpg,"SOFTWARE,ENGINEERING"
gs://cimb-demo-222703-vcm/formData/formDataTraining/Edwin/img31_4.jpg,F273745
gs://cimb-demo-222703-vcm/formData/formDataTraining/Edwin/img31_5.jpg,Bloc
gs://cimb-demo-222703-vcm/formData/formDataTraining/Edwin/img31_6.jpg,"ADVANLE,ALGORITHM,mO,DATA,STRUCTURE"
gs://cimb-demo-222703-vcm/formData/formDataTraining/Edwin/img31_7.jpg,"Student,is,able,to,cope,."
gs://cimb-demo-222703-vcm/formData/formDataTraining/Edwin/img31_8.jpg,"Student,took,a,previous,sinilar,uit,."
gs://cimb-demo-222703-vcm/formData/formDataTraining/Edwin/img31_9.jpg,"Studert,understands,algorithing,."
gs://cimb-demo-222703-vcm/formData/formDataTraining/Edwin/img31_10.jpg,"Student,understands,data,structures,."
gs://cimb-demo-222703-vcm/formData/formDataTraining/Edwin/img31_11.jpg,"Student,understands,coding,."
gs://cimb-demo-222703-vcm/formData/formDataTraining/Edwin/img31_12.jpg,"Student,understands,coding,."
gs://cimb-demo-222703-vcm/formData/formDataTraining/Edwin/img31_13.jpg,"JAN,UM,WERN,HAN"
gs://cimb-demo-222703-vcm/formData/formDataTraining/Edwin/img31_14.jpg,"ZAN,UM,WERN,HAN"
gs://cimb-demo-222703-vcm/formData/formDataTraining/Edwin/img33_1.jpg,"ALVIN,JIAN,JIA"
gs://cimb-demo-222703-vcm/formData/formDataTraining/Edwin/img33_2.jpg,TAN
gs://cimb-demo-222703-vcm/formData/formDataTraining/Edwin/img33_3.jpg,"SOFTWARE,ENGINEERINGS"
gs://cimb-demo-222703-vcm/formData/formDataTraining/Edwin/img33_4.jpg,F173145
gs://cimb-demo-222703-vcm/formData/formDataTraining/Edwin/img33_5.jpg,2018
gs://cimb-demo-222703-vcm/formData/formDataTraining/Edwin/img33_6.jpg,"ADVANCE,ALGORITHM,AND,DATA,STRUTURE"
gs://cimb-demo-222703-vcm/formData/formDataTraining/Edwin/img33_7.jpg,"Srben,AS"
gs://cimb-demo-222703-vcm/formData/formDataTraining/Edwin/img33_8.jpg,"student,has,taken,a,preview,W,."
gs://cimb-demo-222703-vcm/formData/formDataTraining/Edwin/img33_10.jpg,"They,waerstomas,ITA,Suwal"
gs://cimb-demo-222703-vcm/formData/formDataTraining/Edwin/img33_11.jpg,"Student,wdland,cooling"
gs://cimb-demo-222703-vcm/formData/formDataTraining/Edwin/img33_12.jpg,"Student,wdland,cooling"
gs://cimb-demo-222703-vcm/formData/formDataTraining/Edwin/img33_13.jpg,"W,LIMWER,FW,I,I,.,.,.,.,.,JIA,.,.,.,ordinator"
gs://cimb-demo-222703-vcm/formData/formDataTraining/Edwin/img33_14.jpg,"IN,UM,WERN,HW"
gs://cimb-demo-222703-vcm/formData/formDataTraining/Edwin/img33_15.jpg,"/,/,bag"
