gs://cimb-demo-222703-vcm/Alvin/20181116_023403.png,Alvin
gs://cimb-demo-222703-vcm/Alvin/20181116_023757.png,Alvin
gs://cimb-demo-222703-vcm/Alvin/20181116_024857.png,Alvin
gs://cimb-demo-222703-vcm/Alvin/20181116_182246.png,Alvin
gs://cimb-demo-222703-vcm/Alvin/20181117_213052.png,Alvin
gs://cimb-demo-222703-vcm/Alvin/20181117_213059.png,Alvin
gs://cimb-demo-222703-vcm/Alvin/20181117_213104.png,Alvin
gs://cimb-demo-222703-vcm/Alvin/20181117_213107.png,Alvin
gs://cimb-demo-222703-vcm/Alvin/20181117_213117.png,Alvin
gs://cimb-demo-222703-vcm/Alvin/20181117_213120.png,Alvin
gs://cimb-demo-222703-vcm/Alvin/20181117_213123.png,Alvin
gs://cimb-demo-222703-vcm/chinese_test_1/001_1.png,chinese_test_1
gs://cimb-demo-222703-vcm/chinese_test_1/001_10.png,chinese_test_1
gs://cimb-demo-222703-vcm/chinese_test_1/001_11.png,chinese_test_1
gs://cimb-demo-222703-vcm/chinese_test_1/001_12.png,chinese_test_1
gs://cimb-demo-222703-vcm/chinese_test_1/001_13.png,chinese_test_1
gs://cimb-demo-222703-vcm/chinese_test_1/001_14.png,chinese_test_1
gs://cimb-demo-222703-vcm/chinese_test_1/001_15.png,chinese_test_1
gs://cimb-demo-222703-vcm/chinese_test_1/001_16.png,chinese_test_1
gs://cimb-demo-222703-vcm/chinese_test_1/001_17.png,chinese_test_1
gs://cimb-demo-222703-vcm/chinese_test_1/001_18.png,chinese_test_1
gs://cimb-demo-222703-vcm/chinese_test_1/001_19.png,chinese_test_1
gs://cimb-demo-222703-vcm/chinese_test_1/001_2.png,chinese_test_1
gs://cimb-demo-222703-vcm/chinese_test_1/001_20.png,chinese_test_1
gs://cimb-demo-222703-vcm/chinese_test_1/001_21.png,chinese_test_1
gs://cimb-demo-222703-vcm/chinese_test_1/001_22.png,chinese_test_1
gs://cimb-demo-222703-vcm/chinese_test_1/001_23.png,chinese_test_1
gs://cimb-demo-222703-vcm/chinese_test_1/001_24.png,chinese_test_1
gs://cimb-demo-222703-vcm/chinese_test_1/001_3.png,chinese_test_1
gs://cimb-demo-222703-vcm/chinese_test_1/001_4.png,chinese_test_1
gs://cimb-demo-222703-vcm/chinese_test_1/001_5.png,chinese_test_1
gs://cimb-demo-222703-vcm/chinese_test_1/001_6.png,chinese_test_1
gs://cimb-demo-222703-vcm/chinese_test_1/001_7.png,chinese_test_1
gs://cimb-demo-222703-vcm/chinese_test_1/001_8.png,chinese_test_1
gs://cimb-demo-222703-vcm/chinese_test_1/001_9.png,chinese_test_1
gs://cimb-demo-222703-vcm/chinese_test_10/010_1.png,chinese_test_10
gs://cimb-demo-222703-vcm/chinese_test_10/010_10.png,chinese_test_10
gs://cimb-demo-222703-vcm/chinese_test_10/010_11.png,chinese_test_10
gs://cimb-demo-222703-vcm/chinese_test_10/010_12.png,chinese_test_10
gs://cimb-demo-222703-vcm/chinese_test_10/010_13.png,chinese_test_10
gs://cimb-demo-222703-vcm/chinese_test_10/010_14.png,chinese_test_10
gs://cimb-demo-222703-vcm/chinese_test_10/010_15.png,chinese_test_10
gs://cimb-demo-222703-vcm/chinese_test_10/010_16.png,chinese_test_10
gs://cimb-demo-222703-vcm/chinese_test_10/010_17.png,chinese_test_10
gs://cimb-demo-222703-vcm/chinese_test_10/010_18.png,chinese_test_10
gs://cimb-demo-222703-vcm/chinese_test_10/010_19.png,chinese_test_10
gs://cimb-demo-222703-vcm/chinese_test_10/010_2.png,chinese_test_10
gs://cimb-demo-222703-vcm/chinese_test_10/010_20.png,chinese_test_10
gs://cimb-demo-222703-vcm/chinese_test_10/010_21.png,chinese_test_10
gs://cimb-demo-222703-vcm/chinese_test_10/010_22.png,chinese_test_10
gs://cimb-demo-222703-vcm/chinese_test_10/010_23.png,chinese_test_10
gs://cimb-demo-222703-vcm/chinese_test_10/010_24.png,chinese_test_10
gs://cimb-demo-222703-vcm/chinese_test_10/010_3.png,chinese_test_10
gs://cimb-demo-222703-vcm/chinese_test_10/010_4.png,chinese_test_10
gs://cimb-demo-222703-vcm/chinese_test_10/010_5.png,chinese_test_10
gs://cimb-demo-222703-vcm/chinese_test_10/010_6.png,chinese_test_10
gs://cimb-demo-222703-vcm/chinese_test_10/010_7.png,chinese_test_10
gs://cimb-demo-222703-vcm/chinese_test_10/010_8.png,chinese_test_10
gs://cimb-demo-222703-vcm/chinese_test_10/010_9.png,chinese_test_10
gs://cimb-demo-222703-vcm/chinese_test_2/002_1.png,chinese_test_2
gs://cimb-demo-222703-vcm/chinese_test_2/002_10.png,chinese_test_2
gs://cimb-demo-222703-vcm/chinese_test_2/002_11.png,chinese_test_2
gs://cimb-demo-222703-vcm/chinese_test_2/002_12.png,chinese_test_2
gs://cimb-demo-222703-vcm/chinese_test_2/002_13.png,chinese_test_2
gs://cimb-demo-222703-vcm/chinese_test_2/002_14.png,chinese_test_2
gs://cimb-demo-222703-vcm/chinese_test_2/002_15.png,chinese_test_2
gs://cimb-demo-222703-vcm/chinese_test_2/002_16.png,chinese_test_2
gs://cimb-demo-222703-vcm/chinese_test_2/002_17.png,chinese_test_2
gs://cimb-demo-222703-vcm/chinese_test_2/002_18.png,chinese_test_2
gs://cimb-demo-222703-vcm/chinese_test_2/002_19.png,chinese_test_2
gs://cimb-demo-222703-vcm/chinese_test_2/002_2.png,chinese_test_2
gs://cimb-demo-222703-vcm/chinese_test_2/002_20.png,chinese_test_2
gs://cimb-demo-222703-vcm/chinese_test_2/002_21.png,chinese_test_2
gs://cimb-demo-222703-vcm/chinese_test_2/002_22.png,chinese_test_2
gs://cimb-demo-222703-vcm/chinese_test_2/002_23.png,chinese_test_2
gs://cimb-demo-222703-vcm/chinese_test_2/002_24.png,chinese_test_2
gs://cimb-demo-222703-vcm/chinese_test_2/002_3.png,chinese_test_2
gs://cimb-demo-222703-vcm/chinese_test_2/002_4.png,chinese_test_2
gs://cimb-demo-222703-vcm/chinese_test_2/002_5.png,chinese_test_2
gs://cimb-demo-222703-vcm/chinese_test_2/002_6.png,chinese_test_2
gs://cimb-demo-222703-vcm/chinese_test_2/002_7.png,chinese_test_2
gs://cimb-demo-222703-vcm/chinese_test_2/002_8.png,chinese_test_2
gs://cimb-demo-222703-vcm/chinese_test_2/002_9.png,chinese_test_2
gs://cimb-demo-222703-vcm/chinese_test_3/003_1.png,chinese_test_3
gs://cimb-demo-222703-vcm/chinese_test_3/003_10.png,chinese_test_3
gs://cimb-demo-222703-vcm/chinese_test_3/003_11.png,chinese_test_3
gs://cimb-demo-222703-vcm/chinese_test_3/003_12.png,chinese_test_3
gs://cimb-demo-222703-vcm/chinese_test_3/003_13.png,chinese_test_3
gs://cimb-demo-222703-vcm/chinese_test_3/003_14.png,chinese_test_3
gs://cimb-demo-222703-vcm/chinese_test_3/003_15.png,chinese_test_3
gs://cimb-demo-222703-vcm/chinese_test_3/003_16.png,chinese_test_3
gs://cimb-demo-222703-vcm/chinese_test_3/003_17.png,chinese_test_3
gs://cimb-demo-222703-vcm/chinese_test_3/003_18.png,chinese_test_3
gs://cimb-demo-222703-vcm/chinese_test_3/003_19.png,chinese_test_3
gs://cimb-demo-222703-vcm/chinese_test_3/003_2.png,chinese_test_3
gs://cimb-demo-222703-vcm/chinese_test_3/003_20.png,chinese_test_3
gs://cimb-demo-222703-vcm/chinese_test_3/003_21.png,chinese_test_3
gs://cimb-demo-222703-vcm/chinese_test_3/003_22.png,chinese_test_3
gs://cimb-demo-222703-vcm/chinese_test_3/003_23.png,chinese_test_3
gs://cimb-demo-222703-vcm/chinese_test_3/003_24.png,chinese_test_3
gs://cimb-demo-222703-vcm/chinese_test_3/003_3.png,chinese_test_3
gs://cimb-demo-222703-vcm/chinese_test_3/003_4.png,chinese_test_3
gs://cimb-demo-222703-vcm/chinese_test_3/003_5.png,chinese_test_3
gs://cimb-demo-222703-vcm/chinese_test_3/003_6.png,chinese_test_3
gs://cimb-demo-222703-vcm/chinese_test_3/003_7.png,chinese_test_3
gs://cimb-demo-222703-vcm/chinese_test_3/003_8.png,chinese_test_3
gs://cimb-demo-222703-vcm/chinese_test_3/003_9.png,chinese_test_3
gs://cimb-demo-222703-vcm/chinese_test_4/004_1.png,chinese_test_4
gs://cimb-demo-222703-vcm/chinese_test_4/004_10.png,chinese_test_4
gs://cimb-demo-222703-vcm/chinese_test_4/004_11.png,chinese_test_4
gs://cimb-demo-222703-vcm/chinese_test_4/004_12.png,chinese_test_4
gs://cimb-demo-222703-vcm/chinese_test_4/004_13.png,chinese_test_4
gs://cimb-demo-222703-vcm/chinese_test_4/004_14.png,chinese_test_4
gs://cimb-demo-222703-vcm/chinese_test_4/004_15.png,chinese_test_4
gs://cimb-demo-222703-vcm/chinese_test_4/004_16.png,chinese_test_4
gs://cimb-demo-222703-vcm/chinese_test_4/004_17.png,chinese_test_4
gs://cimb-demo-222703-vcm/chinese_test_4/004_18.png,chinese_test_4
gs://cimb-demo-222703-vcm/chinese_test_4/004_19.png,chinese_test_4
gs://cimb-demo-222703-vcm/chinese_test_4/004_2.png,chinese_test_4
gs://cimb-demo-222703-vcm/chinese_test_4/004_20.png,chinese_test_4
gs://cimb-demo-222703-vcm/chinese_test_4/004_21.png,chinese_test_4
gs://cimb-demo-222703-vcm/chinese_test_4/004_22.png,chinese_test_4
gs://cimb-demo-222703-vcm/chinese_test_4/004_23.png,chinese_test_4
gs://cimb-demo-222703-vcm/chinese_test_4/004_24.png,chinese_test_4
gs://cimb-demo-222703-vcm/chinese_test_4/004_3.png,chinese_test_4
gs://cimb-demo-222703-vcm/chinese_test_4/004_4.png,chinese_test_4
gs://cimb-demo-222703-vcm/chinese_test_4/004_5.png,chinese_test_4
gs://cimb-demo-222703-vcm/chinese_test_4/004_6.png,chinese_test_4
gs://cimb-demo-222703-vcm/chinese_test_4/004_7.png,chinese_test_4
gs://cimb-demo-222703-vcm/chinese_test_4/004_8.png,chinese_test_4
gs://cimb-demo-222703-vcm/chinese_test_4/004_9.png,chinese_test_4
gs://cimb-demo-222703-vcm/chinese_test_5/005_1.png,chinese_test_5
gs://cimb-demo-222703-vcm/chinese_test_5/005_10.png,chinese_test_5
gs://cimb-demo-222703-vcm/chinese_test_5/005_11.png,chinese_test_5
gs://cimb-demo-222703-vcm/chinese_test_5/005_12.png,chinese_test_5
gs://cimb-demo-222703-vcm/chinese_test_5/005_15.png,chinese_test_5
gs://cimb-demo-222703-vcm/chinese_test_5/005_16.png,chinese_test_5
gs://cimb-demo-222703-vcm/chinese_test_5/005_17.png,chinese_test_5
gs://cimb-demo-222703-vcm/chinese_test_5/005_18.png,chinese_test_5
gs://cimb-demo-222703-vcm/chinese_test_5/005_19.png,chinese_test_5
gs://cimb-demo-222703-vcm/chinese_test_5/005_2.png,chinese_test_5
gs://cimb-demo-222703-vcm/chinese_test_5/005_20.png,chinese_test_5
gs://cimb-demo-222703-vcm/chinese_test_5/005_21.png,chinese_test_5
gs://cimb-demo-222703-vcm/chinese_test_5/005_22.png,chinese_test_5
gs://cimb-demo-222703-vcm/chinese_test_5/005_23.png,chinese_test_5
gs://cimb-demo-222703-vcm/chinese_test_5/005_3.png,chinese_test_5
gs://cimb-demo-222703-vcm/chinese_test_5/005_4.png,chinese_test_5
gs://cimb-demo-222703-vcm/chinese_test_5/005_5.png,chinese_test_5
gs://cimb-demo-222703-vcm/chinese_test_5/005_6.png,chinese_test_5
gs://cimb-demo-222703-vcm/chinese_test_5/005_7.png,chinese_test_5
gs://cimb-demo-222703-vcm/chinese_test_5/005_8.png,chinese_test_5
gs://cimb-demo-222703-vcm/chinese_test_5/005_9.png,chinese_test_5
gs://cimb-demo-222703-vcm/chinese_test_6/006_1.png,chinese_test_6
gs://cimb-demo-222703-vcm/chinese_test_6/006_10.png,chinese_test_6
gs://cimb-demo-222703-vcm/chinese_test_6/006_11.png,chinese_test_6
gs://cimb-demo-222703-vcm/chinese_test_6/006_12.png,chinese_test_6
gs://cimb-demo-222703-vcm/chinese_test_6/006_13.png,chinese_test_6
gs://cimb-demo-222703-vcm/chinese_test_6/006_14.png,chinese_test_6
gs://cimb-demo-222703-vcm/chinese_test_6/006_15.png,chinese_test_6
gs://cimb-demo-222703-vcm/chinese_test_6/006_16.png,chinese_test_6
gs://cimb-demo-222703-vcm/chinese_test_6/006_17.png,chinese_test_6
gs://cimb-demo-222703-vcm/chinese_test_6/006_18.png,chinese_test_6
gs://cimb-demo-222703-vcm/chinese_test_6/006_2.png,chinese_test_6
gs://cimb-demo-222703-vcm/chinese_test_6/006_20.png,chinese_test_6
gs://cimb-demo-222703-vcm/chinese_test_6/006_21.png,chinese_test_6
gs://cimb-demo-222703-vcm/chinese_test_6/006_22.png,chinese_test_6
gs://cimb-demo-222703-vcm/chinese_test_6/006_23.png,chinese_test_6
gs://cimb-demo-222703-vcm/chinese_test_6/006_3.png,chinese_test_6
gs://cimb-demo-222703-vcm/chinese_test_6/006_4.png,chinese_test_6
gs://cimb-demo-222703-vcm/chinese_test_6/006_5.png,chinese_test_6
gs://cimb-demo-222703-vcm/chinese_test_6/006_6.png,chinese_test_6
gs://cimb-demo-222703-vcm/chinese_test_6/006_7.png,chinese_test_6
gs://cimb-demo-222703-vcm/chinese_test_6/006_8.png,chinese_test_6
gs://cimb-demo-222703-vcm/chinese_test_6/006_9.png,chinese_test_6
gs://cimb-demo-222703-vcm/chinese_test_7/007_1.png,chinese_test_7
gs://cimb-demo-222703-vcm/chinese_test_7/007_10.png,chinese_test_7
gs://cimb-demo-222703-vcm/chinese_test_7/007_11.png,chinese_test_7
gs://cimb-demo-222703-vcm/chinese_test_7/007_12.png,chinese_test_7
gs://cimb-demo-222703-vcm/chinese_test_7/007_13.png,chinese_test_7
gs://cimb-demo-222703-vcm/chinese_test_7/007_14.png,chinese_test_7
gs://cimb-demo-222703-vcm/chinese_test_7/007_15.png,chinese_test_7
gs://cimb-demo-222703-vcm/chinese_test_7/007_16.png,chinese_test_7
gs://cimb-demo-222703-vcm/chinese_test_7/007_17.png,chinese_test_7
gs://cimb-demo-222703-vcm/chinese_test_7/007_18.png,chinese_test_7
gs://cimb-demo-222703-vcm/chinese_test_7/007_19.png,chinese_test_7
gs://cimb-demo-222703-vcm/chinese_test_7/007_2.png,chinese_test_7
gs://cimb-demo-222703-vcm/chinese_test_7/007_20.png,chinese_test_7
gs://cimb-demo-222703-vcm/chinese_test_7/007_21.png,chinese_test_7
gs://cimb-demo-222703-vcm/chinese_test_7/007_22.png,chinese_test_7
gs://cimb-demo-222703-vcm/chinese_test_7/007_23.png,chinese_test_7
gs://cimb-demo-222703-vcm/chinese_test_7/007_24.png,chinese_test_7
gs://cimb-demo-222703-vcm/chinese_test_7/007_3.png,chinese_test_7
gs://cimb-demo-222703-vcm/chinese_test_7/007_4.png,chinese_test_7
gs://cimb-demo-222703-vcm/chinese_test_7/007_5.png,chinese_test_7
gs://cimb-demo-222703-vcm/chinese_test_7/007_6.png,chinese_test_7
gs://cimb-demo-222703-vcm/chinese_test_7/007_7.png,chinese_test_7
gs://cimb-demo-222703-vcm/chinese_test_7/007_8.png,chinese_test_7
gs://cimb-demo-222703-vcm/chinese_test_7/007_9.png,chinese_test_7
gs://cimb-demo-222703-vcm/chinese_test_8/008_1.png,chinese_test_8
gs://cimb-demo-222703-vcm/chinese_test_8/008_10.png,chinese_test_8
gs://cimb-demo-222703-vcm/chinese_test_8/008_11.png,chinese_test_8
gs://cimb-demo-222703-vcm/chinese_test_8/008_12.png,chinese_test_8
gs://cimb-demo-222703-vcm/chinese_test_8/008_13.png,chinese_test_8
gs://cimb-demo-222703-vcm/chinese_test_8/008_14.png,chinese_test_8
gs://cimb-demo-222703-vcm/chinese_test_8/008_15.png,chinese_test_8
gs://cimb-demo-222703-vcm/chinese_test_8/008_16.png,chinese_test_8
gs://cimb-demo-222703-vcm/chinese_test_8/008_17.png,chinese_test_8
gs://cimb-demo-222703-vcm/chinese_test_8/008_18.png,chinese_test_8
gs://cimb-demo-222703-vcm/chinese_test_8/008_19.png,chinese_test_8
gs://cimb-demo-222703-vcm/chinese_test_8/008_2.png,chinese_test_8
gs://cimb-demo-222703-vcm/chinese_test_8/008_20.png,chinese_test_8
gs://cimb-demo-222703-vcm/chinese_test_8/008_21.png,chinese_test_8
gs://cimb-demo-222703-vcm/chinese_test_8/008_22.png,chinese_test_8
gs://cimb-demo-222703-vcm/chinese_test_8/008_23.png,chinese_test_8
gs://cimb-demo-222703-vcm/chinese_test_8/008_24.png,chinese_test_8
gs://cimb-demo-222703-vcm/chinese_test_8/008_3.png,chinese_test_8
gs://cimb-demo-222703-vcm/chinese_test_8/008_4.png,chinese_test_8
gs://cimb-demo-222703-vcm/chinese_test_8/008_5.png,chinese_test_8
gs://cimb-demo-222703-vcm/chinese_test_8/008_6.png,chinese_test_8
gs://cimb-demo-222703-vcm/chinese_test_8/008_7.png,chinese_test_8
gs://cimb-demo-222703-vcm/chinese_test_8/008_8.png,chinese_test_8
gs://cimb-demo-222703-vcm/chinese_test_8/008_9.png,chinese_test_8
gs://cimb-demo-222703-vcm/chinese_test_9/009_1.png,chinese_test_9
gs://cimb-demo-222703-vcm/chinese_test_9/009_10.png,chinese_test_9
gs://cimb-demo-222703-vcm/chinese_test_9/009_11.png,chinese_test_9
gs://cimb-demo-222703-vcm/chinese_test_9/009_12.png,chinese_test_9
gs://cimb-demo-222703-vcm/chinese_test_9/009_13.png,chinese_test_9
gs://cimb-demo-222703-vcm/chinese_test_9/009_14.png,chinese_test_9
gs://cimb-demo-222703-vcm/chinese_test_9/009_15.png,chinese_test_9
gs://cimb-demo-222703-vcm/chinese_test_9/009_16.png,chinese_test_9
gs://cimb-demo-222703-vcm/chinese_test_9/009_17.png,chinese_test_9
gs://cimb-demo-222703-vcm/chinese_test_9/009_18.png,chinese_test_9
gs://cimb-demo-222703-vcm/chinese_test_9/009_19.png,chinese_test_9
gs://cimb-demo-222703-vcm/chinese_test_9/009_2.png,chinese_test_9
gs://cimb-demo-222703-vcm/chinese_test_9/009_20.png,chinese_test_9
gs://cimb-demo-222703-vcm/chinese_test_9/009_21.png,chinese_test_9
gs://cimb-demo-222703-vcm/chinese_test_9/009_22.png,chinese_test_9
gs://cimb-demo-222703-vcm/chinese_test_9/009_23.png,chinese_test_9
gs://cimb-demo-222703-vcm/chinese_test_9/009_24.png,chinese_test_9
gs://cimb-demo-222703-vcm/chinese_test_9/009_3.png,chinese_test_9
gs://cimb-demo-222703-vcm/chinese_test_9/009_4.png,chinese_test_9
gs://cimb-demo-222703-vcm/chinese_test_9/009_5.png,chinese_test_9
gs://cimb-demo-222703-vcm/chinese_test_9/009_6.png,chinese_test_9
gs://cimb-demo-222703-vcm/chinese_test_9/009_7.png,chinese_test_9
gs://cimb-demo-222703-vcm/chinese_test_9/009_8.png,chinese_test_9
gs://cimb-demo-222703-vcm/chinese_test_9/009_9.png,chinese_test_9
gs://cimb-demo-222703-vcm/dutch_test_1/001_01.PNG,dutch_test_1
gs://cimb-demo-222703-vcm/dutch_test_1/001_02.PNG,dutch_test_1
gs://cimb-demo-222703-vcm/dutch_test_1/001_03.PNG,dutch_test_1
gs://cimb-demo-222703-vcm/dutch_test_1/001_04.PNG,dutch_test_1
gs://cimb-demo-222703-vcm/dutch_test_1/001_05.PNG,dutch_test_1
gs://cimb-demo-222703-vcm/dutch_test_1/001_06.PNG,dutch_test_1
gs://cimb-demo-222703-vcm/dutch_test_1/001_07.PNG,dutch_test_1
gs://cimb-demo-222703-vcm/dutch_test_1/001_08.PNG,dutch_test_1
gs://cimb-demo-222703-vcm/dutch_test_1/001_09.PNG,dutch_test_1
gs://cimb-demo-222703-vcm/dutch_test_1/001_10.PNG,dutch_test_1
gs://cimb-demo-222703-vcm/dutch_test_1/001_11.PNG,dutch_test_1
gs://cimb-demo-222703-vcm/dutch_test_1/001_12.PNG,dutch_test_1
gs://cimb-demo-222703-vcm/dutch_test_1/001_13.PNG,dutch_test_1
gs://cimb-demo-222703-vcm/dutch_test_1/001_14.PNG,dutch_test_1
gs://cimb-demo-222703-vcm/dutch_test_1/001_15.PNG,dutch_test_1
gs://cimb-demo-222703-vcm/dutch_test_1/001_16.PNG,dutch_test_1
gs://cimb-demo-222703-vcm/dutch_test_1/001_17.PNG,dutch_test_1
gs://cimb-demo-222703-vcm/dutch_test_1/001_18.PNG,dutch_test_1
gs://cimb-demo-222703-vcm/dutch_test_1/001_19.PNG,dutch_test_1
gs://cimb-demo-222703-vcm/dutch_test_1/001_20.PNG,dutch_test_1
gs://cimb-demo-222703-vcm/dutch_test_1/001_21.PNG,dutch_test_1
gs://cimb-demo-222703-vcm/dutch_test_1/001_22.PNG,dutch_test_1
gs://cimb-demo-222703-vcm/dutch_test_1/001_23.PNG,dutch_test_1
gs://cimb-demo-222703-vcm/dutch_test_1/001_24.PNG,dutch_test_1
gs://cimb-demo-222703-vcm/dutch_test_12/012_01.PNG,dutch_test_12
gs://cimb-demo-222703-vcm/dutch_test_12/012_02.PNG,dutch_test_12
gs://cimb-demo-222703-vcm/dutch_test_12/012_03.PNG,dutch_test_12
gs://cimb-demo-222703-vcm/dutch_test_12/012_04.PNG,dutch_test_12
gs://cimb-demo-222703-vcm/dutch_test_12/012_05.PNG,dutch_test_12
gs://cimb-demo-222703-vcm/dutch_test_12/012_06.PNG,dutch_test_12
gs://cimb-demo-222703-vcm/dutch_test_12/012_07.PNG,dutch_test_12
gs://cimb-demo-222703-vcm/dutch_test_12/012_08.PNG,dutch_test_12
gs://cimb-demo-222703-vcm/dutch_test_12/012_09.PNG,dutch_test_12
gs://cimb-demo-222703-vcm/dutch_test_12/012_10.PNG,dutch_test_12
gs://cimb-demo-222703-vcm/dutch_test_12/012_11.PNG,dutch_test_12
gs://cimb-demo-222703-vcm/dutch_test_12/012_12.PNG,dutch_test_12
gs://cimb-demo-222703-vcm/dutch_test_12/012_13.PNG,dutch_test_12
gs://cimb-demo-222703-vcm/dutch_test_12/012_14.PNG,dutch_test_12
gs://cimb-demo-222703-vcm/dutch_test_12/012_15.PNG,dutch_test_12
gs://cimb-demo-222703-vcm/dutch_test_12/012_16.PNG,dutch_test_12
gs://cimb-demo-222703-vcm/dutch_test_12/012_17.PNG,dutch_test_12
gs://cimb-demo-222703-vcm/dutch_test_12/012_18.PNG,dutch_test_12
gs://cimb-demo-222703-vcm/dutch_test_12/012_19.PNG,dutch_test_12
gs://cimb-demo-222703-vcm/dutch_test_12/012_20.PNG,dutch_test_12
gs://cimb-demo-222703-vcm/dutch_test_12/012_21.PNG,dutch_test_12
gs://cimb-demo-222703-vcm/dutch_test_12/012_22.PNG,dutch_test_12
gs://cimb-demo-222703-vcm/dutch_test_12/012_23.PNG,dutch_test_12
gs://cimb-demo-222703-vcm/dutch_test_12/012_24.PNG,dutch_test_12
gs://cimb-demo-222703-vcm/dutch_test_14/014_01.PNG,dutch_test_14
gs://cimb-demo-222703-vcm/dutch_test_14/014_02.PNG,dutch_test_14
gs://cimb-demo-222703-vcm/dutch_test_14/014_03.PNG,dutch_test_14
gs://cimb-demo-222703-vcm/dutch_test_14/014_04.PNG,dutch_test_14
gs://cimb-demo-222703-vcm/dutch_test_14/014_05.PNG,dutch_test_14
gs://cimb-demo-222703-vcm/dutch_test_14/014_06.PNG,dutch_test_14
gs://cimb-demo-222703-vcm/dutch_test_14/014_07.PNG,dutch_test_14
gs://cimb-demo-222703-vcm/dutch_test_14/014_08.PNG,dutch_test_14
gs://cimb-demo-222703-vcm/dutch_test_14/014_09.PNG,dutch_test_14
gs://cimb-demo-222703-vcm/dutch_test_14/014_10.PNG,dutch_test_14
gs://cimb-demo-222703-vcm/dutch_test_14/014_11.PNG,dutch_test_14
gs://cimb-demo-222703-vcm/dutch_test_14/014_12.PNG,dutch_test_14
gs://cimb-demo-222703-vcm/dutch_test_14/014_13.PNG,dutch_test_14
gs://cimb-demo-222703-vcm/dutch_test_14/014_14.PNG,dutch_test_14
gs://cimb-demo-222703-vcm/dutch_test_14/014_15.PNG,dutch_test_14
gs://cimb-demo-222703-vcm/dutch_test_14/014_16.PNG,dutch_test_14
gs://cimb-demo-222703-vcm/dutch_test_14/014_17.PNG,dutch_test_14
gs://cimb-demo-222703-vcm/dutch_test_14/014_18.PNG,dutch_test_14
gs://cimb-demo-222703-vcm/dutch_test_14/014_19.PNG,dutch_test_14
gs://cimb-demo-222703-vcm/dutch_test_14/014_20.PNG,dutch_test_14
gs://cimb-demo-222703-vcm/dutch_test_14/014_21.PNG,dutch_test_14
gs://cimb-demo-222703-vcm/dutch_test_14/014_22.PNG,dutch_test_14
gs://cimb-demo-222703-vcm/dutch_test_14/014_23.PNG,dutch_test_14
gs://cimb-demo-222703-vcm/dutch_test_14/014_24.PNG,dutch_test_14
gs://cimb-demo-222703-vcm/dutch_test_15/015_01.PNG,dutch_test_15
gs://cimb-demo-222703-vcm/dutch_test_15/015_02.PNG,dutch_test_15
gs://cimb-demo-222703-vcm/dutch_test_15/015_03.PNG,dutch_test_15
gs://cimb-demo-222703-vcm/dutch_test_15/015_04.PNG,dutch_test_15
gs://cimb-demo-222703-vcm/dutch_test_15/015_05.PNG,dutch_test_15
gs://cimb-demo-222703-vcm/dutch_test_15/015_06.PNG,dutch_test_15
gs://cimb-demo-222703-vcm/dutch_test_15/015_07.PNG,dutch_test_15
gs://cimb-demo-222703-vcm/dutch_test_15/015_08.PNG,dutch_test_15
gs://cimb-demo-222703-vcm/dutch_test_15/015_09.PNG,dutch_test_15
gs://cimb-demo-222703-vcm/dutch_test_15/015_10.PNG,dutch_test_15
gs://cimb-demo-222703-vcm/dutch_test_15/015_11.PNG,dutch_test_15
gs://cimb-demo-222703-vcm/dutch_test_15/015_12.PNG,dutch_test_15
gs://cimb-demo-222703-vcm/dutch_test_15/015_13.PNG,dutch_test_15
gs://cimb-demo-222703-vcm/dutch_test_15/015_14.PNG,dutch_test_15
gs://cimb-demo-222703-vcm/dutch_test_15/015_15.PNG,dutch_test_15
gs://cimb-demo-222703-vcm/dutch_test_15/015_16.PNG,dutch_test_15
gs://cimb-demo-222703-vcm/dutch_test_15/015_17.PNG,dutch_test_15
gs://cimb-demo-222703-vcm/dutch_test_15/015_18.PNG,dutch_test_15
gs://cimb-demo-222703-vcm/dutch_test_15/015_19.PNG,dutch_test_15
gs://cimb-demo-222703-vcm/dutch_test_15/015_20.PNG,dutch_test_15
gs://cimb-demo-222703-vcm/dutch_test_15/015_21.PNG,dutch_test_15
gs://cimb-demo-222703-vcm/dutch_test_15/015_22.PNG,dutch_test_15
gs://cimb-demo-222703-vcm/dutch_test_15/015_23.PNG,dutch_test_15
gs://cimb-demo-222703-vcm/dutch_test_15/015_24.PNG,dutch_test_15
gs://cimb-demo-222703-vcm/dutch_test_16/016_01.PNG,dutch_test_16
gs://cimb-demo-222703-vcm/dutch_test_16/016_02.PNG,dutch_test_16
gs://cimb-demo-222703-vcm/dutch_test_16/016_03.PNG,dutch_test_16
gs://cimb-demo-222703-vcm/dutch_test_16/016_04.PNG,dutch_test_16
gs://cimb-demo-222703-vcm/dutch_test_16/016_05.PNG,dutch_test_16
gs://cimb-demo-222703-vcm/dutch_test_16/016_06.PNG,dutch_test_16
gs://cimb-demo-222703-vcm/dutch_test_16/016_07.PNG,dutch_test_16
gs://cimb-demo-222703-vcm/dutch_test_16/016_08.PNG,dutch_test_16
gs://cimb-demo-222703-vcm/dutch_test_16/016_09.PNG,dutch_test_16
gs://cimb-demo-222703-vcm/dutch_test_16/016_10.PNG,dutch_test_16
gs://cimb-demo-222703-vcm/dutch_test_16/016_11.PNG,dutch_test_16
gs://cimb-demo-222703-vcm/dutch_test_16/016_12.PNG,dutch_test_16
gs://cimb-demo-222703-vcm/dutch_test_16/016_13.PNG,dutch_test_16
gs://cimb-demo-222703-vcm/dutch_test_16/016_14.PNG,dutch_test_16
gs://cimb-demo-222703-vcm/dutch_test_16/016_15.PNG,dutch_test_16
gs://cimb-demo-222703-vcm/dutch_test_16/016_16.PNG,dutch_test_16
gs://cimb-demo-222703-vcm/dutch_test_16/016_17.PNG,dutch_test_16
gs://cimb-demo-222703-vcm/dutch_test_16/016_18.PNG,dutch_test_16
gs://cimb-demo-222703-vcm/dutch_test_16/016_20.PNG,dutch_test_16
gs://cimb-demo-222703-vcm/dutch_test_16/016_21.PNG,dutch_test_16
gs://cimb-demo-222703-vcm/dutch_test_16/016_22.PNG,dutch_test_16
gs://cimb-demo-222703-vcm/dutch_test_16/016_23.PNG,dutch_test_16
gs://cimb-demo-222703-vcm/dutch_test_16/016_24.PNG,dutch_test_16
gs://cimb-demo-222703-vcm/dutch_test_2/002_01.PNG,dutch_test_2
gs://cimb-demo-222703-vcm/dutch_test_2/002_02.PNG,dutch_test_2
gs://cimb-demo-222703-vcm/dutch_test_2/002_03.PNG,dutch_test_2
gs://cimb-demo-222703-vcm/dutch_test_2/002_04.PNG,dutch_test_2
gs://cimb-demo-222703-vcm/dutch_test_2/002_05.PNG,dutch_test_2
gs://cimb-demo-222703-vcm/dutch_test_2/002_06.PNG,dutch_test_2
gs://cimb-demo-222703-vcm/dutch_test_2/002_07.PNG,dutch_test_2
gs://cimb-demo-222703-vcm/dutch_test_2/002_08.PNG,dutch_test_2
gs://cimb-demo-222703-vcm/dutch_test_2/002_09.PNG,dutch_test_2
gs://cimb-demo-222703-vcm/dutch_test_2/002_10.PNG,dutch_test_2
gs://cimb-demo-222703-vcm/dutch_test_2/002_11.PNG,dutch_test_2
gs://cimb-demo-222703-vcm/dutch_test_2/002_12.PNG,dutch_test_2
gs://cimb-demo-222703-vcm/dutch_test_2/002_13.PNG,dutch_test_2
gs://cimb-demo-222703-vcm/dutch_test_2/002_14.PNG,dutch_test_2
gs://cimb-demo-222703-vcm/dutch_test_2/002_15.PNG,dutch_test_2
gs://cimb-demo-222703-vcm/dutch_test_2/002_16.PNG,dutch_test_2
gs://cimb-demo-222703-vcm/dutch_test_2/002_17.PNG,dutch_test_2
gs://cimb-demo-222703-vcm/dutch_test_2/002_18.PNG,dutch_test_2
gs://cimb-demo-222703-vcm/dutch_test_2/002_19.PNG,dutch_test_2
gs://cimb-demo-222703-vcm/dutch_test_2/002_20.PNG,dutch_test_2
gs://cimb-demo-222703-vcm/dutch_test_2/002_21.PNG,dutch_test_2
gs://cimb-demo-222703-vcm/dutch_test_2/002_22.PNG,dutch_test_2
gs://cimb-demo-222703-vcm/dutch_test_2/002_23.PNG,dutch_test_2
gs://cimb-demo-222703-vcm/dutch_test_2/002_24.PNG,dutch_test_2
gs://cimb-demo-222703-vcm/dutch_test_3/003_01.PNG,dutch_test_3
gs://cimb-demo-222703-vcm/dutch_test_3/003_02.PNG,dutch_test_3
gs://cimb-demo-222703-vcm/dutch_test_3/003_03.PNG,dutch_test_3
gs://cimb-demo-222703-vcm/dutch_test_3/003_04.PNG,dutch_test_3
gs://cimb-demo-222703-vcm/dutch_test_3/003_05.PNG,dutch_test_3
gs://cimb-demo-222703-vcm/dutch_test_3/003_06.PNG,dutch_test_3
gs://cimb-demo-222703-vcm/dutch_test_3/003_07.PNG,dutch_test_3
gs://cimb-demo-222703-vcm/dutch_test_3/003_08.PNG,dutch_test_3
gs://cimb-demo-222703-vcm/dutch_test_3/003_09.PNG,dutch_test_3
gs://cimb-demo-222703-vcm/dutch_test_3/003_10.PNG,dutch_test_3
gs://cimb-demo-222703-vcm/dutch_test_3/003_11.PNG,dutch_test_3
gs://cimb-demo-222703-vcm/dutch_test_3/003_12.PNG,dutch_test_3
gs://cimb-demo-222703-vcm/dutch_test_3/003_13.PNG,dutch_test_3
gs://cimb-demo-222703-vcm/dutch_test_3/003_14.PNG,dutch_test_3
gs://cimb-demo-222703-vcm/dutch_test_3/003_15.PNG,dutch_test_3
gs://cimb-demo-222703-vcm/dutch_test_3/003_16.PNG,dutch_test_3
gs://cimb-demo-222703-vcm/dutch_test_3/003_17.PNG,dutch_test_3
gs://cimb-demo-222703-vcm/dutch_test_3/003_18.PNG,dutch_test_3
gs://cimb-demo-222703-vcm/dutch_test_3/003_19.PNG,dutch_test_3
gs://cimb-demo-222703-vcm/dutch_test_3/003_20.PNG,dutch_test_3
gs://cimb-demo-222703-vcm/dutch_test_3/003_21.PNG,dutch_test_3
gs://cimb-demo-222703-vcm/dutch_test_3/003_22.PNG,dutch_test_3
gs://cimb-demo-222703-vcm/dutch_test_3/003_23.PNG,dutch_test_3
gs://cimb-demo-222703-vcm/dutch_test_3/003_24.PNG,dutch_test_3
gs://cimb-demo-222703-vcm/dutch_test_4/004_01.PNG,dutch_test_4
gs://cimb-demo-222703-vcm/dutch_test_4/004_02.PNG,dutch_test_4
gs://cimb-demo-222703-vcm/dutch_test_4/004_03.PNG,dutch_test_4
gs://cimb-demo-222703-vcm/dutch_test_4/004_04.PNG,dutch_test_4
gs://cimb-demo-222703-vcm/dutch_test_4/004_05.PNG,dutch_test_4
gs://cimb-demo-222703-vcm/dutch_test_4/004_06.PNG,dutch_test_4
gs://cimb-demo-222703-vcm/dutch_test_4/004_07.PNG,dutch_test_4
gs://cimb-demo-222703-vcm/dutch_test_4/004_08.PNG,dutch_test_4
gs://cimb-demo-222703-vcm/dutch_test_4/004_09.PNG,dutch_test_4
gs://cimb-demo-222703-vcm/dutch_test_4/004_10.PNG,dutch_test_4
gs://cimb-demo-222703-vcm/dutch_test_4/004_11.PNG,dutch_test_4
gs://cimb-demo-222703-vcm/dutch_test_4/004_12.PNG,dutch_test_4
gs://cimb-demo-222703-vcm/dutch_test_4/004_13.PNG,dutch_test_4
gs://cimb-demo-222703-vcm/dutch_test_4/004_14.PNG,dutch_test_4
gs://cimb-demo-222703-vcm/dutch_test_4/004_15.PNG,dutch_test_4
gs://cimb-demo-222703-vcm/dutch_test_4/004_16.PNG,dutch_test_4
gs://cimb-demo-222703-vcm/dutch_test_4/004_17.PNG,dutch_test_4
gs://cimb-demo-222703-vcm/dutch_test_4/004_18.PNG,dutch_test_4
gs://cimb-demo-222703-vcm/dutch_test_4/004_19.PNG,dutch_test_4
gs://cimb-demo-222703-vcm/dutch_test_4/004_20.PNG,dutch_test_4
gs://cimb-demo-222703-vcm/dutch_test_4/004_21.PNG,dutch_test_4
gs://cimb-demo-222703-vcm/dutch_test_4/004_22.PNG,dutch_test_4
gs://cimb-demo-222703-vcm/dutch_test_4/004_23.PNG,dutch_test_4
gs://cimb-demo-222703-vcm/dutch_test_4/004_24.PNG,dutch_test_4
gs://cimb-demo-222703-vcm/dutch_test_6/006_01.PNG,dutch_test_6
gs://cimb-demo-222703-vcm/dutch_test_6/006_02.PNG,dutch_test_6
gs://cimb-demo-222703-vcm/dutch_test_6/006_03.PNG,dutch_test_6
gs://cimb-demo-222703-vcm/dutch_test_6/006_04.PNG,dutch_test_6
gs://cimb-demo-222703-vcm/dutch_test_6/006_05.PNG,dutch_test_6
gs://cimb-demo-222703-vcm/dutch_test_6/006_06.PNG,dutch_test_6
gs://cimb-demo-222703-vcm/dutch_test_6/006_07.PNG,dutch_test_6
gs://cimb-demo-222703-vcm/dutch_test_6/006_08.PNG,dutch_test_6
gs://cimb-demo-222703-vcm/dutch_test_6/006_09.PNG,dutch_test_6
gs://cimb-demo-222703-vcm/dutch_test_6/006_10.PNG,dutch_test_6
gs://cimb-demo-222703-vcm/dutch_test_6/006_11.PNG,dutch_test_6
gs://cimb-demo-222703-vcm/dutch_test_6/006_12.PNG,dutch_test_6
gs://cimb-demo-222703-vcm/dutch_test_6/006_13.PNG,dutch_test_6
gs://cimb-demo-222703-vcm/dutch_test_6/006_14.PNG,dutch_test_6
gs://cimb-demo-222703-vcm/dutch_test_6/006_15.PNG,dutch_test_6
gs://cimb-demo-222703-vcm/dutch_test_6/006_16.PNG,dutch_test_6
gs://cimb-demo-222703-vcm/dutch_test_6/006_17.PNG,dutch_test_6
gs://cimb-demo-222703-vcm/dutch_test_6/006_18.PNG,dutch_test_6
gs://cimb-demo-222703-vcm/dutch_test_6/006_19.PNG,dutch_test_6
gs://cimb-demo-222703-vcm/dutch_test_6/006_20.PNG,dutch_test_6
gs://cimb-demo-222703-vcm/dutch_test_6/006_21.PNG,dutch_test_6
gs://cimb-demo-222703-vcm/dutch_test_6/006_22.PNG,dutch_test_6
gs://cimb-demo-222703-vcm/dutch_test_6/006_23.PNG,dutch_test_6
gs://cimb-demo-222703-vcm/dutch_test_6/006_24.PNG,dutch_test_6
gs://cimb-demo-222703-vcm/dutch_test_9/009_01.PNG,dutch_test_9
gs://cimb-demo-222703-vcm/dutch_test_9/009_02.PNG,dutch_test_9
gs://cimb-demo-222703-vcm/dutch_test_9/009_03.PNG,dutch_test_9
gs://cimb-demo-222703-vcm/dutch_test_9/009_04.PNG,dutch_test_9
gs://cimb-demo-222703-vcm/dutch_test_9/009_05.PNG,dutch_test_9
gs://cimb-demo-222703-vcm/dutch_test_9/009_06.PNG,dutch_test_9
gs://cimb-demo-222703-vcm/dutch_test_9/009_07.PNG,dutch_test_9
gs://cimb-demo-222703-vcm/dutch_test_9/009_08.PNG,dutch_test_9
gs://cimb-demo-222703-vcm/dutch_test_9/009_09.PNG,dutch_test_9
gs://cimb-demo-222703-vcm/dutch_test_9/009_10.PNG,dutch_test_9
gs://cimb-demo-222703-vcm/dutch_test_9/009_11.PNG,dutch_test_9
gs://cimb-demo-222703-vcm/dutch_test_9/009_12.PNG,dutch_test_9
gs://cimb-demo-222703-vcm/dutch_test_9/009_13.PNG,dutch_test_9
gs://cimb-demo-222703-vcm/dutch_test_9/009_14.PNG,dutch_test_9
gs://cimb-demo-222703-vcm/dutch_test_9/009_15.PNG,dutch_test_9
gs://cimb-demo-222703-vcm/dutch_test_9/009_16.PNG,dutch_test_9
gs://cimb-demo-222703-vcm/dutch_test_9/009_17.PNG,dutch_test_9
gs://cimb-demo-222703-vcm/dutch_test_9/009_18.PNG,dutch_test_9
gs://cimb-demo-222703-vcm/dutch_test_9/009_19.PNG,dutch_test_9
gs://cimb-demo-222703-vcm/dutch_test_9/009_20.PNG,dutch_test_9
gs://cimb-demo-222703-vcm/dutch_test_9/009_21.PNG,dutch_test_9
gs://cimb-demo-222703-vcm/dutch_test_9/009_22.PNG,dutch_test_9
gs://cimb-demo-222703-vcm/dutch_test_9/009_23.PNG,dutch_test_9
gs://cimb-demo-222703-vcm/dutch_test_9/009_24.PNG,dutch_test_9
gs://cimb-demo-222703-vcm/parent_1/20181128_211646.png,parent_1
gs://cimb-demo-222703-vcm/parent_1/20181128_211740.png,parent_1
gs://cimb-demo-222703-vcm/parent_1/20181128_211745.png,parent_1
gs://cimb-demo-222703-vcm/parent_1/20181128_211749.png,parent_1
gs://cimb-demo-222703-vcm/parent_1/20181128_211754.png,parent_1
gs://cimb-demo-222703-vcm/parent_1/20181128_211843.png,parent_1
gs://cimb-demo-222703-vcm/parent_2/20181128_211848.png,parent_2
gs://cimb-demo-222703-vcm/parent_2/20181128_212026.png,parent_2
gs://cimb-demo-222703-vcm/parent_2/20181128_212034.png,parent_2
gs://cimb-demo-222703-vcm/parent_2/20181128_212039.png,parent_2
gs://cimb-demo-222703-vcm/parent_2/20181128_212044.png,parent_2
gs://cimb-demo-222703-vcm/parent_2/20181128_212049.png,parent_2
